user_email,user_cpf,artist_id
user10@example.com,48017760206,dd928ff63887886ba74de4
user10@example.com,48017760206,de88b1d1abf69a8537aed2
user10@example.com,48017760206,33d80f212cf56490dd04d8
user10@example.com,48017760206,0ce5c0149ce6ee3054cbfc
user10@example.com,48017760206,a5c59c0315098e6d67bb57
user10@example.com,48017760206,57bab982bcba3e65c33206
user10@example.com,48017760206,965dd2531ca8917510c7d2
user10@example.com,48017760206,ce1bb5f155d92ae94c499e
user10@example.com,48017760206,492561cf76939197932bb7
user10@example.com,48017760206,4a5b04b6612655fa3e8d25
user10@example.com,48017760206,a79671eead08ee27e85bea
user10@example.com,48017760206,42f4c2698438d8c3930e16
user10@example.com,48017760206,492858f336018192afde7b
user10@example.com,48017760206,b64a9394ec249c24e1ced4
user10@example.com,48017760206,70d168085c74cf84d63318
user10@example.com,48017760206,e66b8a0acab164bdbf805b
user10@example.com,48017760206,7a5fe33913ea49316c462b
user10@example.com,48017760206,1fd667100dcb333dbb6610
user10@example.com,48017760206,396ec78afb5dc77aad78a1
user10@example.com,48017760206,dc7d3caaa4fc4f835e58c2
user10@example.com,48017760206,be05b49960df40ff2a1c9c
user10@example.com,48017760206,410c10fce2afb0300b4e5e
user10@example.com,48017760206,68aed070129e82b32ca659
user10@example.com,48017760206,97df8caf45c0d6692e0bc0
user10@example.com,48017760206,8274cb9cad2efcefc1fa78
user10@example.com,48017760206,cccf551faf8c9b7cea5ed7
user10@example.com,48017760206,5da1abae03e5366919646f
user10@example.com,48017760206,8b6ca59a20a783d44d807a
user10@example.com,48017760206,0d15119fa6dda018461252
user10@example.com,48017760206,c9ac354a7d489deab69567
user10@example.com,48017760206,8febe0ebe006041bc2a6bd
user10@example.com,48017760206,4cda7705a48cb4ac820e95
user10@example.com,48017760206,c3c11aa0c4e265d926b4da
user10@example.com,48017760206,900ab8e5bd444d32984a69
user10@example.com,48017760206,c33f496b71bdbb0c58d05b
user10@example.com,48017760206,5909241f525ec8eaab7730
user10@example.com,48017760206,78a46e2317298e114d9978
user10@example.com,48017760206,86517b0d724548d323c8dc
user10@example.com,48017760206,02749f37c4e50b419f0dd0
user10@example.com,48017760206,239933db25460d693835c2
user10@example.com,48017760206,9d65b8f84c66dc5a6023ee
user10@example.com,48017760206,aa968850a9d255494612ac
user10@example.com,48017760206,7872120c99f1d62ed6a3cc
user10@example.com,48017760206,cc56ee73e45f0546f16d6a
user10@example.com,48017760206,bb28f8c4a84586e2eb1c3d
user10@example.com,48017760206,9728772c8e334f7169d9ad
user10@example.com,48017760206,de59f89341e3af296cadfd
user10@example.com,48017760206,1fde133fd37227be92ce43
user10@example.com,48017760206,da61ed7ab765111a42fed3
user10@example.com,48017760206,b150f254e79816bcde37b0
user10@example.com,48017760206,2444914d57fd37fed305ea
user10@example.com,48017760206,c19162e3de8a97b9e8110a
user10@example.com,48017760206,9c512979eb7ce53d77e7b4
user10@example.com,48017760206,71df5ec4cd313132bf6d3d
user10@example.com,48017760206,effbbbdf75ed154b53443b
user10@example.com,48017760206,b74ef73746671410328633
user10@example.com,48017760206,176d6d53f1d36157f5bf0f
user10@example.com,48017760206,79566c83c77237bf34f1b8
user10@example.com,48017760206,fa2d2c190e87f0ad8341a6
user10@example.com,48017760206,773d2c16d90cdda54a9678
user10@example.com,48017760206,4c2bdbc2b8d7b9f6eb6475
user10@example.com,48017760206,3900b250e08a1557bbc6c0
user10@example.com,48017760206,bb28f52f24482ee421aa70
user10@example.com,48017760206,05c60711bdfaaf8c63f98f
user10@example.com,48017760206,16fd20c388393f6f097594
user10@example.com,48017760206,fe3897bd6dea8cb3dd56a3
user10@example.com,48017760206,45ebbb129017c1701ce01a
user10@example.com,48017760206,84bb4ff9bfc07c6611685f
user10@example.com,48017760206,61f4cf76a399d3e9ac65f3
user10@example.com,48017760206,0f70ccc5fa0510e1af6b79
user10@example.com,48017760206,65c33c3fe9d4a23679e9fa
user10@example.com,48017760206,78bc155f319ea221938600
user10@example.com,48017760206,c386f038d08af7a1e5ba81
user10@example.com,48017760206,f364f4a174a511ca756568
user10@example.com,48017760206,ab1fb90d06e5a07f1f1c44
user10@example.com,48017760206,e41c2d43b624e9237ce154
user10@example.com,48017760206,ce8dc1f8989f54bb4aabc8
user10@example.com,48017760206,b2c759e28701a00121e5e1
user10@example.com,48017760206,2d55954ddde1f32dd85449
user10@example.com,48017760206,4707e5be880ee1041a9f13
user10@example.com,48017760206,a6ce1a7875b697f3dfb420
user10@example.com,48017760206,24b9298a187e48162094bf
user10@example.com,48017760206,acebd26ec2fb9dfa3cb372
user10@example.com,48017760206,6619e1207724ab22333f8b
user10@example.com,48017760206,adeb2079bd9c711f320a85
user10@example.com,48017760206,dedadadcc1b6d93ca75cd4
user10@example.com,48017760206,eae89ce52de2966a965ddd
user10@example.com,48017760206,729b332d2a1c3f90bc1265
user10@example.com,48017760206,f273e8985c1ccf881041fc
user10@example.com,48017760206,3a961509eaf9c0276df82b
user10@example.com,48017760206,cb09b21969357e87a28402
user10@example.com,48017760206,4be627711ee0e2a94ee665
user10@example.com,48017760206,8e35ce399f79db5792f2c2
user10@example.com,48017760206,56696684b9456a2eea26d9
user10@example.com,48017760206,1a36ffcbec8f18a9f90b2f
user10@example.com,48017760206,0be1414a8fe60e9614c446
user10@example.com,48017760206,09488a6484f973a64d1a68
user10@example.com,48017760206,cc1e3a4a210d2b2d92fa83
user10@example.com,48017760206,3de460ff5cd4c32ee88b6a
user10@example.com,48017760206,793e6c5196533d7841d01b
user10@example.com,48017760206,369a62db2c071e0dc0bfcb
user10@example.com,48017760206,2594b8e1f68c163d56130c
user10@example.com,48017760206,c11deae89867c2b1c52086
user10@example.com,48017760206,f6391d6adcb4ace83b62d3
user10@example.com,48017760206,d294abec4bbb19315f59d6
user10@example.com,48017760206,0e32c137d6ea6a6dad4698
user10@example.com,48017760206,5ba24d000854865b633a39
user10@example.com,48017760206,b6efc9e97b889a05cd446f
user10@example.com,48017760206,7dc4e2581480c301945a82
user10@example.com,48017760206,5ee1ce51ae0aa9e5b3977a
user10@example.com,48017760206,bfe965891acc0a6cad477b
user10@example.com,48017760206,0462eb2270f36ad2d5da74
user10@example.com,48017760206,a9af75c1d9b6d69f37f9f8
user10@example.com,48017760206,fa624d78ffcb4290a70c68
user10@example.com,48017760206,b75e6a3a46a853458f1c6f
user10@example.com,48017760206,fced5ec02c90c93d746ea1
user10@example.com,48017760206,8b0ee5a501cef4a5699fd3
user10@example.com,48017760206,df2ac64a1a2c4c4b604d02
user10@example.com,48017760206,3271c828bdefa12551e9fe
user10@example.com,48017760206,b1d113e11165894fd12c94
user10@example.com,48017760206,1406a07118bec79769ea0d
user10@example.com,48017760206,54c25defe012d5047d84e1
user10@example.com,48017760206,7ca28c67b72617f0992a8b
user10@example.com,48017760206,206852b9306afa2b3c5dc2
user10@example.com,48017760206,9d7f3524c0c7a0762bb1bc
user10@example.com,48017760206,8358aaf28c0b91ed308fd1
user10@example.com,48017760206,d7e3dd80f6f0f13230cd1d
user10@example.com,48017760206,62ec9476c2f292040a8126
user10@example.com,48017760206,8de84558c50ef8d91c9809
user10@example.com,48017760206,bf2528a296adb62d041a75
user10@example.com,48017760206,24f36d3151e02fee037ddf
user10@example.com,48017760206,d098c1a4598e4d45b3b325
user10@example.com,48017760206,56ee13ff49a1f625d9f761
user10@example.com,48017760206,3196b508ebcf22a48827f6
user10@example.com,48017760206,945ec354a9710c53c2dea1
user10@example.com,48017760206,79030867413adea98893ff
user10@example.com,48017760206,875dd3c7b4d87d24d4d912
user10@example.com,48017760206,36f8bffb1f9b612c8aebd3
user10@example.com,48017760206,16a968cdb906137a952161
user10@example.com,48017760206,de36e121b9135c1cc716b9
user10@example.com,48017760206,5285577208aaf9b65dba1e
user10@example.com,48017760206,9b4c123f1f1393a11202cd
user10@example.com,48017760206,bbf40e713e0dcce4a852e5
user10@example.com,48017760206,73d23605b2ae7687245381
user10@example.com,48017760206,6ed990a07d4ae2d4ea3e53
user10@example.com,48017760206,14f1a8adb389b57286b162
user10@example.com,48017760206,6b11f0bc460b9ea0197883
user10@example.com,48017760206,f35f73f741e80498c63a56
user10@example.com,48017760206,b9fbeb7e58125ff49f7ff7
user10@example.com,48017760206,401a284fda3e4513d672a4
user10@example.com,48017760206,259a8d8968478898794226
user10@example.com,48017760206,cac884aa198b011ef5e524
user10@example.com,48017760206,38ea5767cfd164fc827ef8
user10@example.com,48017760206,e7a32095be1f9eae17dd3f
user10@example.com,48017760206,267de205844859bb87e9ed
user10@example.com,48017760206,db1147a3b1738859f6cecf
user10@example.com,48017760206,76179a92e9f5768b34faa2
user10@example.com,48017760206,c6a857fa6747e6741ce8f4
user10@example.com,48017760206,3ccca65d3d9843b81f4e25
user10@example.com,48017760206,dbcef8cf6f5ecfa1f231ec
user10@example.com,48017760206,09dbd3dc1649885229c940
user10@example.com,48017760206,a9623107ea03b8bf2013e4
user10@example.com,48017760206,e670e5cae4434f49011d17
user10@example.com,48017760206,7ae068e144aab71b5c9f9b
user10@example.com,48017760206,c9e770c62114ed60fd1a4c
user10@example.com,48017760206,3eb0c531dd779dd405f122
user10@example.com,48017760206,ca1a87a8b7dc9ef9995d21
user10@example.com,48017760206,8ca80b163a5dffc4b0882b
user10@example.com,48017760206,b2e796aeb157bdb6979a11
user10@example.com,48017760206,6175b9f6699984f1ede4be
user10@example.com,48017760206,06a219b87639016b2978fa
user10@example.com,48017760206,371b87e1989ecadb976a27
user10@example.com,48017760206,766611846fcb521214ee25
user10@example.com,48017760206,1fad8a5cfb9eec3890d766
user10@example.com,48017760206,0eae01acd0e16c7ed82742
user10@example.com,48017760206,d43893f5dbb4ab6c1bbafe
user10@example.com,48017760206,846c399e82b91210281fb4
user10@example.com,48017760206,d2dd511becbb558a89aee8
user10@example.com,48017760206,7069d8fd21ba1442e29647
user10@example.com,48017760206,e4b9906faeddabd7548ae1
user10@example.com,48017760206,2c33f025a6358e34e5f660
user10@example.com,48017760206,c5c1bcb17cfc63b492574f
user10@example.com,48017760206,bc1906f1d951ebf51b7dd4
user10@example.com,48017760206,5eafba053066035eca30d3
user10@example.com,48017760206,c2b12b93859dd380c476a1
user10@example.com,48017760206,c9f5236f51a843e6688edc
user10@example.com,48017760206,0e14d45c430806127d2a4a
user10@example.com,48017760206,4ac78e41d39c0c96545f3d
user10@example.com,48017760206,5619d20f42a271281e6c9d
user1@example.com,81535322800,33d80f212cf56490dd04d8
user1@example.com,81535322800,a5c59c0315098e6d67bb57
user1@example.com,81535322800,57bab982bcba3e65c33206
user1@example.com,81535322800,fdc2393f47cf2d467ac617
user1@example.com,81535322800,ce1bb5f155d92ae94c499e
user1@example.com,81535322800,1c0b17719e2ea839ef5a64
user1@example.com,81535322800,1fdd7a252b569b645c8125
user1@example.com,81535322800,4a5b04b6612655fa3e8d25
user1@example.com,81535322800,a79671eead08ee27e85bea
user1@example.com,81535322800,b08b705cd8135e64836d2a
user1@example.com,81535322800,e66b8a0acab164bdbf805b
user1@example.com,81535322800,7a5fe33913ea49316c462b
user1@example.com,81535322800,2b9f3d9ae41e4dd48466f6
user1@example.com,81535322800,1fd667100dcb333dbb6610
user1@example.com,81535322800,396ec78afb5dc77aad78a1
user1@example.com,81535322800,dc7d3caaa4fc4f835e58c2
user1@example.com,81535322800,be05b49960df40ff2a1c9c
user1@example.com,81535322800,68aed070129e82b32ca659
user1@example.com,81535322800,cccf551faf8c9b7cea5ed7
user1@example.com,81535322800,e34d2ceda59793e56ebed0
user1@example.com,81535322800,5da1abae03e5366919646f
user1@example.com,81535322800,c9ac354a7d489deab69567
user1@example.com,81535322800,4cda7705a48cb4ac820e95
user1@example.com,81535322800,c3c11aa0c4e265d926b4da
user1@example.com,81535322800,c33f496b71bdbb0c58d05b
user1@example.com,81535322800,78a46e2317298e114d9978
user1@example.com,81535322800,86517b0d724548d323c8dc
user1@example.com,81535322800,02749f37c4e50b419f0dd0
user1@example.com,81535322800,239933db25460d693835c2
user1@example.com,81535322800,aa968850a9d255494612ac
user1@example.com,81535322800,7872120c99f1d62ed6a3cc
user1@example.com,81535322800,2a02f4c7cffcdb2b7ed987
user1@example.com,81535322800,bb28f8c4a84586e2eb1c3d
user1@example.com,81535322800,de59f89341e3af296cadfd
user1@example.com,81535322800,21c45bd5a57a3fc376c8c3
user1@example.com,81535322800,da61ed7ab765111a42fed3
user1@example.com,81535322800,b150f254e79816bcde37b0
user1@example.com,81535322800,2444914d57fd37fed305ea
user1@example.com,81535322800,c19162e3de8a97b9e8110a
user1@example.com,81535322800,9c512979eb7ce53d77e7b4
user1@example.com,81535322800,effbbbdf75ed154b53443b
user1@example.com,81535322800,cdb6bb313bcc33c12a63e9
user1@example.com,81535322800,68924f64542ebb1a7a1f89
user1@example.com,81535322800,79566c83c77237bf34f1b8
user1@example.com,81535322800,84a39d6410e2048502e311
user1@example.com,81535322800,00bf7b2909ce4b6e52e961
user1@example.com,81535322800,adff855173c9b92b547812
user1@example.com,81535322800,4008bdbb403c33c5d8f37a
user1@example.com,81535322800,683966d9a83b629775975f
user1@example.com,81535322800,fe3897bd6dea8cb3dd56a3
user1@example.com,81535322800,45ebbb129017c1701ce01a
user1@example.com,81535322800,84bb4ff9bfc07c6611685f
user1@example.com,81535322800,61f4cf76a399d3e9ac65f3
user1@example.com,81535322800,503de9a57fadb54548bbb4
user1@example.com,81535322800,0f70ccc5fa0510e1af6b79
user1@example.com,81535322800,65c33c3fe9d4a23679e9fa
user1@example.com,81535322800,78bc155f319ea221938600
user1@example.com,81535322800,e67f86595af757b24d689f
user1@example.com,81535322800,f364f4a174a511ca756568
user1@example.com,81535322800,ab1fb90d06e5a07f1f1c44
user1@example.com,81535322800,611906f372257212d7b129
user1@example.com,81535322800,e41c2d43b624e9237ce154
user1@example.com,81535322800,b2c759e28701a00121e5e1
user1@example.com,81535322800,5a16b9e955b9319da7cb88
user1@example.com,81535322800,f6e748983d954aa60e4975
user1@example.com,81535322800,4707e5be880ee1041a9f13
user1@example.com,81535322800,a6ce1a7875b697f3dfb420
user1@example.com,81535322800,62a259c52a81019bc1291d
user1@example.com,81535322800,6b6ec31694fa0a2cd1e768
user1@example.com,81535322800,24b9298a187e48162094bf
user1@example.com,81535322800,1629c2fdb3159e4ae19de0
user1@example.com,81535322800,acebd26ec2fb9dfa3cb372
user1@example.com,81535322800,6619e1207724ab22333f8b
user1@example.com,81535322800,729b332d2a1c3f90bc1265
user1@example.com,81535322800,f273e8985c1ccf881041fc
user1@example.com,81535322800,1a36ffcbec8f18a9f90b2f
user1@example.com,81535322800,0be1414a8fe60e9614c446
user1@example.com,81535322800,09488a6484f973a64d1a68
user1@example.com,81535322800,cc1e3a4a210d2b2d92fa83
user1@example.com,81535322800,2594b8e1f68c163d56130c
user1@example.com,81535322800,c11deae89867c2b1c52086
user1@example.com,81535322800,35d4d36ea07aaa2e85986d
user1@example.com,81535322800,a2f4b1e5f1effff51ccd77
user1@example.com,81535322800,f6391d6adcb4ace83b62d3
user1@example.com,81535322800,0e32c137d6ea6a6dad4698
user1@example.com,81535322800,41084537afc680ed7670aa
user1@example.com,81535322800,5ee1ce51ae0aa9e5b3977a
user1@example.com,81535322800,bfe965891acc0a6cad477b
user1@example.com,81535322800,0462eb2270f36ad2d5da74
user1@example.com,81535322800,b75e6a3a46a853458f1c6f
user1@example.com,81535322800,df2ac64a1a2c4c4b604d02
user1@example.com,81535322800,3271c828bdefa12551e9fe
user1@example.com,81535322800,b1d113e11165894fd12c94
user1@example.com,81535322800,1406a07118bec79769ea0d
user1@example.com,81535322800,54c25defe012d5047d84e1
user1@example.com,81535322800,0b4e3dbc0a1f079322f885
user1@example.com,81535322800,dc81952301ed30d02d49b9
user1@example.com,81535322800,c76dd34367cd5a84abfbca
user1@example.com,81535322800,16c0760d73e4ae1374dd81
user1@example.com,81535322800,206852b9306afa2b3c5dc2
user1@example.com,81535322800,9d7f3524c0c7a0762bb1bc
user1@example.com,81535322800,8358aaf28c0b91ed308fd1
user1@example.com,81535322800,8ce05b677a370641d32094
user1@example.com,81535322800,88f80198047620cb1a5bf1
user1@example.com,81535322800,d7e3dd80f6f0f13230cd1d
user1@example.com,81535322800,7f96a59ebec9a542be67cb
user1@example.com,81535322800,24f36d3151e02fee037ddf
user1@example.com,81535322800,3196b508ebcf22a48827f6
user1@example.com,81535322800,3334e787294220eda8b9ef
user1@example.com,81535322800,945ec354a9710c53c2dea1
user1@example.com,81535322800,79030867413adea98893ff
user1@example.com,81535322800,875dd3c7b4d87d24d4d912
user1@example.com,81535322800,16a968cdb906137a952161
user1@example.com,81535322800,de36e121b9135c1cc716b9
user1@example.com,81535322800,5285577208aaf9b65dba1e
user1@example.com,81535322800,73d23605b2ae7687245381
user1@example.com,81535322800,6ed990a07d4ae2d4ea3e53
user1@example.com,81535322800,14f1a8adb389b57286b162
user1@example.com,81535322800,f35f73f741e80498c63a56
user1@example.com,81535322800,401a284fda3e4513d672a4
user1@example.com,81535322800,259a8d8968478898794226
user1@example.com,81535322800,cac884aa198b011ef5e524
user1@example.com,81535322800,38ea5767cfd164fc827ef8
user1@example.com,81535322800,e7a32095be1f9eae17dd3f
user1@example.com,81535322800,992e1b49ee62cf08fd69b4
user1@example.com,81535322800,3eabdd3b2ea592df8d9cc9
user1@example.com,81535322800,db1147a3b1738859f6cecf
user1@example.com,81535322800,09dbd3dc1649885229c940
user1@example.com,81535322800,a9623107ea03b8bf2013e4
user1@example.com,81535322800,e670e5cae4434f49011d17
user1@example.com,81535322800,7ae068e144aab71b5c9f9b
user1@example.com,81535322800,c9e770c62114ed60fd1a4c
user1@example.com,81535322800,3eb0c531dd779dd405f122
user1@example.com,81535322800,ca1a87a8b7dc9ef9995d21
user1@example.com,81535322800,8ca80b163a5dffc4b0882b
user1@example.com,81535322800,6175b9f6699984f1ede4be
user1@example.com,81535322800,1fad8a5cfb9eec3890d766
user1@example.com,81535322800,d43893f5dbb4ab6c1bbafe
user1@example.com,81535322800,846c399e82b91210281fb4
user1@example.com,81535322800,d2dd511becbb558a89aee8
user1@example.com,81535322800,7069d8fd21ba1442e29647
user1@example.com,81535322800,2c33f025a6358e34e5f660
user1@example.com,81535322800,bc1906f1d951ebf51b7dd4
user1@example.com,81535322800,d7ca67de5bf2290eb819cc
user1@example.com,81535322800,5eafba053066035eca30d3
user1@example.com,81535322800,72f7d768302f6bb6d55f27
user1@example.com,81535322800,81e46b1302ebd6c7c82380
user1@example.com,81535322800,c9f5236f51a843e6688edc
user1@example.com,81535322800,0e14d45c430806127d2a4a
user1@example.com,81535322800,4ac78e41d39c0c96545f3d
user1@example.com,81535322800,5619d20f42a271281e6c9d
user2@example.com,96581948845,18bc963752cd1de09a7134
user2@example.com,96581948845,33d80f212cf56490dd04d8
user2@example.com,96581948845,a5c59c0315098e6d67bb57
user2@example.com,96581948845,bfef980cea41267e4d641e
user2@example.com,96581948845,ab119ce08dfa85df70904f
user2@example.com,96581948845,965dd2531ca8917510c7d2
user2@example.com,96581948845,ce1bb5f155d92ae94c499e
user2@example.com,96581948845,1fdd7a252b569b645c8125
user2@example.com,96581948845,eff45f74e46238d5ee4581
user2@example.com,96581948845,4a5b04b6612655fa3e8d25
user2@example.com,96581948845,a79671eead08ee27e85bea
user2@example.com,96581948845,492858f336018192afde7b
user2@example.com,96581948845,b64a9394ec249c24e1ced4
user2@example.com,96581948845,e66b8a0acab164bdbf805b
user2@example.com,96581948845,7a5fe33913ea49316c462b
user2@example.com,96581948845,1fd667100dcb333dbb6610
user2@example.com,96581948845,b13a3cb870915426d67cae
user2@example.com,96581948845,396ec78afb5dc77aad78a1
user2@example.com,96581948845,dc7d3caaa4fc4f835e58c2
user2@example.com,96581948845,e1df67ac374edf4cfe2718
user2@example.com,96581948845,be05b49960df40ff2a1c9c
user2@example.com,96581948845,68aed070129e82b32ca659
user2@example.com,96581948845,f8c1bb7d8b91a9dd6582b6
user2@example.com,96581948845,8274cb9cad2efcefc1fa78
user2@example.com,96581948845,cccf551faf8c9b7cea5ed7
user2@example.com,96581948845,5da1abae03e5366919646f
user2@example.com,96581948845,c9ac354a7d489deab69567
user2@example.com,96581948845,8febe0ebe006041bc2a6bd
user2@example.com,96581948845,4cda7705a48cb4ac820e95
user2@example.com,96581948845,c3c11aa0c4e265d926b4da
user2@example.com,96581948845,269806e95a2b949883020b
user2@example.com,96581948845,900ab8e5bd444d32984a69
user2@example.com,96581948845,c33f496b71bdbb0c58d05b
user2@example.com,96581948845,78a46e2317298e114d9978
user2@example.com,96581948845,86517b0d724548d323c8dc
user2@example.com,96581948845,239933db25460d693835c2
user2@example.com,96581948845,aa968850a9d255494612ac
user2@example.com,96581948845,50f263ecf6c5636823c54b
user2@example.com,96581948845,7872120c99f1d62ed6a3cc
user2@example.com,96581948845,bb28f8c4a84586e2eb1c3d
user2@example.com,96581948845,9728772c8e334f7169d9ad
user2@example.com,96581948845,86d94959ad70a97055ca75
user2@example.com,96581948845,de59f89341e3af296cadfd
user2@example.com,96581948845,da61ed7ab765111a42fed3
user2@example.com,96581948845,b150f254e79816bcde37b0
user2@example.com,96581948845,2444914d57fd37fed305ea
user2@example.com,96581948845,c19162e3de8a97b9e8110a
user2@example.com,96581948845,9c512979eb7ce53d77e7b4
user2@example.com,96581948845,effbbbdf75ed154b53443b
user2@example.com,96581948845,c978bafb3b9900af754678
user2@example.com,96581948845,cdb6bb313bcc33c12a63e9
user2@example.com,96581948845,68924f64542ebb1a7a1f89
user2@example.com,96581948845,176d6d53f1d36157f5bf0f
user2@example.com,96581948845,79566c83c77237bf34f1b8
user2@example.com,96581948845,e973d520f46db7977e019b
user2@example.com,96581948845,21730e072b931cff6e4b4a
user2@example.com,96581948845,84a39d6410e2048502e311
user2@example.com,96581948845,fa2d2c190e87f0ad8341a6
user2@example.com,96581948845,773d2c16d90cdda54a9678
user2@example.com,96581948845,adff855173c9b92b547812
user2@example.com,96581948845,af77dbf445f40688b0ed0d
user2@example.com,96581948845,4008bdbb403c33c5d8f37a
user2@example.com,96581948845,3900b250e08a1557bbc6c0
user2@example.com,96581948845,05c60711bdfaaf8c63f98f
user2@example.com,96581948845,f5c7108429bd1d3c1b1812
user2@example.com,96581948845,3097313b6cdd0efdceb38f
user2@example.com,96581948845,fe3897bd6dea8cb3dd56a3
user2@example.com,96581948845,45ebbb129017c1701ce01a
user2@example.com,96581948845,09c6e3086169271287f71e
user2@example.com,96581948845,6a47420e36b2c7b0b74ea9
user2@example.com,96581948845,84bb4ff9bfc07c6611685f
user2@example.com,96581948845,61f4cf76a399d3e9ac65f3
user2@example.com,96581948845,b03cc90c455d92d8e9a0ce
user2@example.com,96581948845,503de9a57fadb54548bbb4
user2@example.com,96581948845,65c33c3fe9d4a23679e9fa
user2@example.com,96581948845,0cc30d6688ca90a3e3a811
user2@example.com,96581948845,ab1fb90d06e5a07f1f1c44
user2@example.com,96581948845,e41c2d43b624e9237ce154
user2@example.com,96581948845,b2c759e28701a00121e5e1
user2@example.com,96581948845,a6ce1a7875b697f3dfb420
user2@example.com,96581948845,6b6ec31694fa0a2cd1e768
user2@example.com,96581948845,24b9298a187e48162094bf
user2@example.com,96581948845,acebd26ec2fb9dfa3cb372
user2@example.com,96581948845,6619e1207724ab22333f8b
user2@example.com,96581948845,eae89ce52de2966a965ddd
user2@example.com,96581948845,729b332d2a1c3f90bc1265
user2@example.com,96581948845,f273e8985c1ccf881041fc
user2@example.com,96581948845,cb09b21969357e87a28402
user2@example.com,96581948845,8e35ce399f79db5792f2c2
user2@example.com,96581948845,56696684b9456a2eea26d9
user2@example.com,96581948845,1a36ffcbec8f18a9f90b2f
user2@example.com,96581948845,c38e31502394622bbdfd3d
user2@example.com,96581948845,0be1414a8fe60e9614c446
user2@example.com,96581948845,09488a6484f973a64d1a68
user2@example.com,96581948845,cc1e3a4a210d2b2d92fa83
user2@example.com,96581948845,3de460ff5cd4c32ee88b6a
user2@example.com,96581948845,793e6c5196533d7841d01b
user2@example.com,96581948845,369a62db2c071e0dc0bfcb
user2@example.com,96581948845,2594b8e1f68c163d56130c
user2@example.com,96581948845,c11deae89867c2b1c52086
user2@example.com,96581948845,a2f4b1e5f1effff51ccd77
user2@example.com,96581948845,f6391d6adcb4ace83b62d3
user2@example.com,96581948845,6c2a686736918e1f440a2d
user2@example.com,96581948845,b6efc9e97b889a05cd446f
user2@example.com,96581948845,5ee1ce51ae0aa9e5b3977a
user2@example.com,96581948845,bfe965891acc0a6cad477b
user2@example.com,96581948845,0462eb2270f36ad2d5da74
user2@example.com,96581948845,a9af75c1d9b6d69f37f9f8
user2@example.com,96581948845,fa624d78ffcb4290a70c68
user2@example.com,96581948845,b75e6a3a46a853458f1c6f
user2@example.com,96581948845,df2ac64a1a2c4c4b604d02
user2@example.com,96581948845,3271c828bdefa12551e9fe
user2@example.com,96581948845,b1d113e11165894fd12c94
user2@example.com,96581948845,1406a07118bec79769ea0d
user2@example.com,96581948845,2aa4167cb2ac23100d51c3
user2@example.com,96581948845,54c25defe012d5047d84e1
user2@example.com,96581948845,c76dd34367cd5a84abfbca
user2@example.com,96581948845,16c0760d73e4ae1374dd81
user2@example.com,96581948845,b05c01736186254958f53e
user2@example.com,96581948845,1a64b15f2b6faaf28a618e
user2@example.com,96581948845,206852b9306afa2b3c5dc2
user2@example.com,96581948845,9d7f3524c0c7a0762bb1bc
user2@example.com,96581948845,6eb38c2c6e663555d9dcec
user2@example.com,96581948845,8358aaf28c0b91ed308fd1
user2@example.com,96581948845,8ce05b677a370641d32094
user2@example.com,96581948845,88f80198047620cb1a5bf1
user2@example.com,96581948845,7f96a59ebec9a542be67cb
user2@example.com,96581948845,62ec9476c2f292040a8126
user2@example.com,96581948845,56ee13ff49a1f625d9f761
user2@example.com,96581948845,945ec354a9710c53c2dea1
user2@example.com,96581948845,79030867413adea98893ff
user2@example.com,96581948845,875dd3c7b4d87d24d4d912
user2@example.com,96581948845,7fc5172e8123fba6de4434
user2@example.com,96581948845,16a968cdb906137a952161
user2@example.com,96581948845,addb70fbc6ee82e7ef3a75
user2@example.com,96581948845,de36e121b9135c1cc716b9
user2@example.com,96581948845,8780f1b8319cd5a65180ce
user2@example.com,96581948845,316846b2d210944ded686f
user2@example.com,96581948845,5285577208aaf9b65dba1e
user2@example.com,96581948845,9b4c123f1f1393a11202cd
user2@example.com,96581948845,73d23605b2ae7687245381
user2@example.com,96581948845,6ed990a07d4ae2d4ea3e53
user2@example.com,96581948845,14f1a8adb389b57286b162
user2@example.com,96581948845,fe5b04f5188e8f7db9f088
user2@example.com,96581948845,f35f73f741e80498c63a56
user2@example.com,96581948845,401a284fda3e4513d672a4
user2@example.com,96581948845,259a8d8968478898794226
user2@example.com,96581948845,cac884aa198b011ef5e524
user2@example.com,96581948845,38ea5767cfd164fc827ef8
user2@example.com,96581948845,e7a32095be1f9eae17dd3f
user2@example.com,96581948845,cde76d15bf88840b51de00
user2@example.com,96581948845,267de205844859bb87e9ed
user2@example.com,96581948845,db1147a3b1738859f6cecf
user2@example.com,96581948845,351691dbf4eadb8cc251d3
user2@example.com,96581948845,3ccca65d3d9843b81f4e25
user2@example.com,96581948845,09dbd3dc1649885229c940
user2@example.com,96581948845,a9623107ea03b8bf2013e4
user2@example.com,96581948845,e670e5cae4434f49011d17
user2@example.com,96581948845,7ae068e144aab71b5c9f9b
user2@example.com,96581948845,40edbe1d56b35ab498179b
user2@example.com,96581948845,c9e770c62114ed60fd1a4c
user2@example.com,96581948845,3eb0c531dd779dd405f122
user2@example.com,96581948845,b0349bccf020c3d5302e37
user2@example.com,96581948845,ca1a87a8b7dc9ef9995d21
user2@example.com,96581948845,8ca80b163a5dffc4b0882b
user2@example.com,96581948845,6175b9f6699984f1ede4be
user2@example.com,96581948845,cec1c9701843694aec95ef
user2@example.com,96581948845,371b87e1989ecadb976a27
user2@example.com,96581948845,1fad8a5cfb9eec3890d766
user2@example.com,96581948845,d43893f5dbb4ab6c1bbafe
user2@example.com,96581948845,d2dd511becbb558a89aee8
user2@example.com,96581948845,98cdf0c47bb1a084824d91
user2@example.com,96581948845,2c33f025a6358e34e5f660
user2@example.com,96581948845,bc1906f1d951ebf51b7dd4
user2@example.com,96581948845,1f6d18b90f44b9a7641ec8
user2@example.com,96581948845,d7ca67de5bf2290eb819cc
user2@example.com,96581948845,5eafba053066035eca30d3
user2@example.com,96581948845,72f7d768302f6bb6d55f27
user2@example.com,96581948845,c4c789caa8ea72e8a4cf50
user2@example.com,96581948845,81e46b1302ebd6c7c82380
user2@example.com,96581948845,d2d950cea2da7feb22fc0a
user2@example.com,96581948845,c9f5236f51a843e6688edc
user2@example.com,96581948845,0e14d45c430806127d2a4a
user2@example.com,96581948845,4ac78e41d39c0c96545f3d
user2@example.com,96581948845,5619d20f42a271281e6c9d
user3@example.com,52976634844,dd928ff63887886ba74de4
user3@example.com,52976634844,b23bf3d133e87387964e71
user3@example.com,52976634844,33d80f212cf56490dd04d8
user3@example.com,52976634844,0ce5c0149ce6ee3054cbfc
user3@example.com,52976634844,a5c59c0315098e6d67bb57
user3@example.com,52976634844,57bab982bcba3e65c33206
user3@example.com,52976634844,965dd2531ca8917510c7d2
user3@example.com,52976634844,ce1bb5f155d92ae94c499e
user3@example.com,52976634844,492561cf76939197932bb7
user3@example.com,52976634844,4a5b04b6612655fa3e8d25
user3@example.com,52976634844,a79671eead08ee27e85bea
user3@example.com,52976634844,b64a9394ec249c24e1ced4
user3@example.com,52976634844,0d055beb31fd94ce0399a1
user3@example.com,52976634844,e66b8a0acab164bdbf805b
user3@example.com,52976634844,7a5fe33913ea49316c462b
user3@example.com,52976634844,3d62cc4b26a7c79c163a45
user3@example.com,52976634844,396ec78afb5dc77aad78a1
user3@example.com,52976634844,dc7d3caaa4fc4f835e58c2
user3@example.com,52976634844,e1df67ac374edf4cfe2718
user3@example.com,52976634844,be05b49960df40ff2a1c9c
user3@example.com,52976634844,68aed070129e82b32ca659
user3@example.com,52976634844,618ec48ad714bf2b9f6e9c
user3@example.com,52976634844,97df8caf45c0d6692e0bc0
user3@example.com,52976634844,3d6228fab9f35dc500ae75
user3@example.com,52976634844,67bbf46c1cdabc3ef7ea5e
user3@example.com,52976634844,cccf551faf8c9b7cea5ed7
user3@example.com,52976634844,5da1abae03e5366919646f
user3@example.com,52976634844,8febe0ebe006041bc2a6bd
user3@example.com,52976634844,4cda7705a48cb4ac820e95
user3@example.com,52976634844,c3c11aa0c4e265d926b4da
user3@example.com,52976634844,fbe475731f16e8b82fd01b
user3@example.com,52976634844,900ab8e5bd444d32984a69
user3@example.com,52976634844,c33f496b71bdbb0c58d05b
user3@example.com,52976634844,78a46e2317298e114d9978
user3@example.com,52976634844,86517b0d724548d323c8dc
user3@example.com,52976634844,76df70f7e34d9797166ae1
user3@example.com,52976634844,239933db25460d693835c2
user3@example.com,52976634844,aa968850a9d255494612ac
user3@example.com,52976634844,7872120c99f1d62ed6a3cc
user3@example.com,52976634844,62682427484706e9af0a10
user3@example.com,52976634844,bb28f8c4a84586e2eb1c3d
user3@example.com,52976634844,86d94959ad70a97055ca75
user3@example.com,52976634844,de59f89341e3af296cadfd
user3@example.com,52976634844,da61ed7ab765111a42fed3
user3@example.com,52976634844,b150f254e79816bcde37b0
user3@example.com,52976634844,2444914d57fd37fed305ea
user3@example.com,52976634844,c19162e3de8a97b9e8110a
user3@example.com,52976634844,fd1a5756ab987837234970
user3@example.com,52976634844,9c512979eb7ce53d77e7b4
user3@example.com,52976634844,0de86b3ed577eae77ee959
user3@example.com,52976634844,29ffa2152c49c356ba0882
user3@example.com,52976634844,effbbbdf75ed154b53443b
user3@example.com,52976634844,b74ef73746671410328633
user3@example.com,52976634844,176d6d53f1d36157f5bf0f
user3@example.com,52976634844,84a39d6410e2048502e311
user3@example.com,52976634844,adff855173c9b92b547812
user3@example.com,52976634844,4008bdbb403c33c5d8f37a
user3@example.com,52976634844,1d4c9c776942b229ef7fda
user3@example.com,52976634844,3900b250e08a1557bbc6c0
user3@example.com,52976634844,5f621077215b08b0524dc5
user3@example.com,52976634844,f501876566964328fc3b87
user3@example.com,52976634844,05c60711bdfaaf8c63f98f
user3@example.com,52976634844,16fd20c388393f6f097594
user3@example.com,52976634844,fe3897bd6dea8cb3dd56a3
user3@example.com,52976634844,45ebbb129017c1701ce01a
user3@example.com,52976634844,09c6e3086169271287f71e
user3@example.com,52976634844,6a47420e36b2c7b0b74ea9
user3@example.com,52976634844,84bb4ff9bfc07c6611685f
user3@example.com,52976634844,61f4cf76a399d3e9ac65f3
user3@example.com,52976634844,b03cc90c455d92d8e9a0ce
user3@example.com,52976634844,503de9a57fadb54548bbb4
user3@example.com,52976634844,78bc155f319ea221938600
user3@example.com,52976634844,f364f4a174a511ca756568
user3@example.com,52976634844,611906f372257212d7b129
user3@example.com,52976634844,e41c2d43b624e9237ce154
user3@example.com,52976634844,b2c759e28701a00121e5e1
user3@example.com,52976634844,2d55954ddde1f32dd85449
user3@example.com,52976634844,4707e5be880ee1041a9f13
user3@example.com,52976634844,a6ce1a7875b697f3dfb420
user3@example.com,52976634844,b1fa8c50f6900475ab44d9
user3@example.com,52976634844,6b6ec31694fa0a2cd1e768
user3@example.com,52976634844,e2db598f4fa9f7fa459fb3
user3@example.com,52976634844,24b9298a187e48162094bf
user3@example.com,52976634844,1629c2fdb3159e4ae19de0
user3@example.com,52976634844,6619e1207724ab22333f8b
user3@example.com,52976634844,729b332d2a1c3f90bc1265
user3@example.com,52976634844,f273e8985c1ccf881041fc
user3@example.com,52976634844,3a961509eaf9c0276df82b
user3@example.com,52976634844,cb09b21969357e87a28402
user3@example.com,52976634844,4be627711ee0e2a94ee665
user3@example.com,52976634844,c38e31502394622bbdfd3d
user3@example.com,52976634844,0be1414a8fe60e9614c446
user3@example.com,52976634844,09488a6484f973a64d1a68
user3@example.com,52976634844,cc1e3a4a210d2b2d92fa83
user3@example.com,52976634844,3de460ff5cd4c32ee88b6a
user3@example.com,52976634844,793e6c5196533d7841d01b
user3@example.com,52976634844,369a62db2c071e0dc0bfcb
user3@example.com,52976634844,2594b8e1f68c163d56130c
user3@example.com,52976634844,c11deae89867c2b1c52086
user3@example.com,52976634844,f6391d6adcb4ace83b62d3
user3@example.com,52976634844,6c2a686736918e1f440a2d
user3@example.com,52976634844,0e32c137d6ea6a6dad4698
user3@example.com,52976634844,b6efc9e97b889a05cd446f
user3@example.com,52976634844,e7415d7d7d0689403c9685
user3@example.com,52976634844,4ff7ef928b5f49f8f35775
user3@example.com,52976634844,5ee1ce51ae0aa9e5b3977a
user3@example.com,52976634844,bfe965891acc0a6cad477b
user3@example.com,52976634844,0462eb2270f36ad2d5da74
user3@example.com,52976634844,b75e6a3a46a853458f1c6f
user3@example.com,52976634844,3271c828bdefa12551e9fe
user3@example.com,52976634844,b1d113e11165894fd12c94
user3@example.com,52976634844,d3498853f83af7fe303f34
user3@example.com,52976634844,1406a07118bec79769ea0d
user3@example.com,52976634844,2aa4167cb2ac23100d51c3
user3@example.com,52976634844,54c25defe012d5047d84e1
user3@example.com,52976634844,c76dd34367cd5a84abfbca
user3@example.com,52976634844,b05c01736186254958f53e
user3@example.com,52976634844,322f1db4b7d0cf09ccde85
user3@example.com,52976634844,7ca28c67b72617f0992a8b
user3@example.com,52976634844,37c05ef42bb72b9be556d7
user3@example.com,52976634844,37d535203d3b063f24f7e4
user3@example.com,52976634844,206852b9306afa2b3c5dc2
user3@example.com,52976634844,9d7f3524c0c7a0762bb1bc
user3@example.com,52976634844,a625a04aaa8653b5be7c14
user3@example.com,52976634844,8358aaf28c0b91ed308fd1
user3@example.com,52976634844,8ce05b677a370641d32094
user3@example.com,52976634844,88f80198047620cb1a5bf1
user3@example.com,52976634844,7f96a59ebec9a542be67cb
user3@example.com,52976634844,53803d4b74e03338f3f637
user3@example.com,52976634844,345a379980d9bed0f5cfb1
user3@example.com,52976634844,24f36d3151e02fee037ddf
user3@example.com,52976634844,56ee13ff49a1f625d9f761
user3@example.com,52976634844,3196b508ebcf22a48827f6
user3@example.com,52976634844,945ec354a9710c53c2dea1
user3@example.com,52976634844,79030867413adea98893ff
user3@example.com,52976634844,ddd930cfe24910d53238aa
user3@example.com,52976634844,875dd3c7b4d87d24d4d912
user3@example.com,52976634844,13e5ab59cdc1edf9dbec36
user3@example.com,52976634844,7fc5172e8123fba6de4434
user3@example.com,52976634844,36f8bffb1f9b612c8aebd3
user3@example.com,52976634844,16a968cdb906137a952161
user3@example.com,52976634844,de36e121b9135c1cc716b9
user3@example.com,52976634844,f473bb5bcc938cd5b01b1a
user3@example.com,52976634844,316846b2d210944ded686f
user3@example.com,52976634844,3790fe3358882034a0488f
user3@example.com,52976634844,5285577208aaf9b65dba1e
user3@example.com,52976634844,9b4c123f1f1393a11202cd
user3@example.com,52976634844,73d23605b2ae7687245381
user3@example.com,52976634844,6ed990a07d4ae2d4ea3e53
user3@example.com,52976634844,14f1a8adb389b57286b162
user3@example.com,52976634844,f35f73f741e80498c63a56
user3@example.com,52976634844,401a284fda3e4513d672a4
user3@example.com,52976634844,259a8d8968478898794226
user3@example.com,52976634844,cac884aa198b011ef5e524
user3@example.com,52976634844,38ea5767cfd164fc827ef8
user3@example.com,52976634844,e7a32095be1f9eae17dd3f
user3@example.com,52976634844,db1147a3b1738859f6cecf
user3@example.com,52976634844,76179a92e9f5768b34faa2
user3@example.com,52976634844,6a27ef8e6a1d58ae94efa6
user3@example.com,52976634844,e670e5cae4434f49011d17
user3@example.com,52976634844,7ae068e144aab71b5c9f9b
user3@example.com,52976634844,c9e770c62114ed60fd1a4c
user3@example.com,52976634844,3eb0c531dd779dd405f122
user3@example.com,52976634844,ca1a87a8b7dc9ef9995d21
user3@example.com,52976634844,7ead98e8e0daed96c598fa
user3@example.com,52976634844,8ca80b163a5dffc4b0882b
user3@example.com,52976634844,6175b9f6699984f1ede4be
user3@example.com,52976634844,d43893f5dbb4ab6c1bbafe
user3@example.com,52976634844,846c399e82b91210281fb4
user3@example.com,52976634844,d2dd511becbb558a89aee8
user3@example.com,52976634844,0a3d67919224dad3e653a6
user3@example.com,52976634844,2c33f025a6358e34e5f660
user3@example.com,52976634844,bc1906f1d951ebf51b7dd4
user3@example.com,52976634844,3f2a27fe5d8f2893f9d94e
user3@example.com,52976634844,5eafba053066035eca30d3
user3@example.com,52976634844,72f7d768302f6bb6d55f27
user3@example.com,52976634844,d2d950cea2da7feb22fc0a
user3@example.com,52976634844,b0b21132703f1ccfb85b61
user3@example.com,52976634844,c9f5236f51a843e6688edc
user3@example.com,52976634844,0e14d45c430806127d2a4a
user3@example.com,52976634844,4ac78e41d39c0c96545f3d
user3@example.com,52976634844,5619d20f42a271281e6c9d
user4@example.com,23242521887,33d80f212cf56490dd04d8
user4@example.com,23242521887,a5c59c0315098e6d67bb57
user4@example.com,23242521887,57bab982bcba3e65c33206
user4@example.com,23242521887,ab119ce08dfa85df70904f
user4@example.com,23242521887,1fdd7a252b569b645c8125
user4@example.com,23242521887,eff45f74e46238d5ee4581
user4@example.com,23242521887,492561cf76939197932bb7
user4@example.com,23242521887,4a5b04b6612655fa3e8d25
user4@example.com,23242521887,492858f336018192afde7b
user4@example.com,23242521887,b64a9394ec249c24e1ced4
user4@example.com,23242521887,e66b8a0acab164bdbf805b
user4@example.com,23242521887,a33ee432e0f3f6c3203573
user4@example.com,23242521887,7a5fe33913ea49316c462b
user4@example.com,23242521887,1fd667100dcb333dbb6610
user4@example.com,23242521887,396ec78afb5dc77aad78a1
user4@example.com,23242521887,dc7d3caaa4fc4f835e58c2
user4@example.com,23242521887,be05b49960df40ff2a1c9c
user4@example.com,23242521887,68aed070129e82b32ca659
user4@example.com,23242521887,618ec48ad714bf2b9f6e9c
user4@example.com,23242521887,8274cb9cad2efcefc1fa78
user4@example.com,23242521887,cccf551faf8c9b7cea5ed7
user4@example.com,23242521887,5da1abae03e5366919646f
user4@example.com,23242521887,8b6ca59a20a783d44d807a
user4@example.com,23242521887,8febe0ebe006041bc2a6bd
user4@example.com,23242521887,4cda7705a48cb4ac820e95
user4@example.com,23242521887,c3c11aa0c4e265d926b4da
user4@example.com,23242521887,900ab8e5bd444d32984a69
user4@example.com,23242521887,c33f496b71bdbb0c58d05b
user4@example.com,23242521887,78a46e2317298e114d9978
user4@example.com,23242521887,86517b0d724548d323c8dc
user4@example.com,23242521887,ca9ef3708c06c99741e62c
user4@example.com,23242521887,239933db25460d693835c2
user4@example.com,23242521887,aa968850a9d255494612ac
user4@example.com,23242521887,7872120c99f1d62ed6a3cc
user4@example.com,23242521887,bb28f8c4a84586e2eb1c3d
user4@example.com,23242521887,da61ed7ab765111a42fed3
user4@example.com,23242521887,b150f254e79816bcde37b0
user4@example.com,23242521887,2444914d57fd37fed305ea
user4@example.com,23242521887,c19162e3de8a97b9e8110a
user4@example.com,23242521887,9c512979eb7ce53d77e7b4
user4@example.com,23242521887,71df5ec4cd313132bf6d3d
user4@example.com,23242521887,effbbbdf75ed154b53443b
user4@example.com,23242521887,cdb6bb313bcc33c12a63e9
user4@example.com,23242521887,68924f64542ebb1a7a1f89
user4@example.com,23242521887,176d6d53f1d36157f5bf0f
user4@example.com,23242521887,e973d520f46db7977e019b
user4@example.com,23242521887,84a39d6410e2048502e311
user4@example.com,23242521887,adff855173c9b92b547812
user4@example.com,23242521887,af77dbf445f40688b0ed0d
user4@example.com,23242521887,4c2bdbc2b8d7b9f6eb6475
user4@example.com,23242521887,401357e57c765967393ba3
user4@example.com,23242521887,05c60711bdfaaf8c63f98f
user4@example.com,23242521887,16fd20c388393f6f097594
user4@example.com,23242521887,fe3897bd6dea8cb3dd56a3
user4@example.com,23242521887,45ebbb129017c1701ce01a
user4@example.com,23242521887,09c6e3086169271287f71e
user4@example.com,23242521887,84bb4ff9bfc07c6611685f
user4@example.com,23242521887,b03cc90c455d92d8e9a0ce
user4@example.com,23242521887,0f70ccc5fa0510e1af6b79
user4@example.com,23242521887,65c33c3fe9d4a23679e9fa
user4@example.com,23242521887,f364f4a174a511ca756568
user4@example.com,23242521887,ab1fb90d06e5a07f1f1c44
user4@example.com,23242521887,e41c2d43b624e9237ce154
user4@example.com,23242521887,aea5c185fec72185949a16
user4@example.com,23242521887,ce8dc1f8989f54bb4aabc8
user4@example.com,23242521887,b2c759e28701a00121e5e1
user4@example.com,23242521887,f6e748983d954aa60e4975
user4@example.com,23242521887,4707e5be880ee1041a9f13
user4@example.com,23242521887,a6ce1a7875b697f3dfb420
user4@example.com,23242521887,82b4cfddb071a425e2210e
user4@example.com,23242521887,24b9298a187e48162094bf
user4@example.com,23242521887,acebd26ec2fb9dfa3cb372
user4@example.com,23242521887,6619e1207724ab22333f8b
user4@example.com,23242521887,6d6d8d28ceb5a4b2547d76
user4@example.com,23242521887,729b332d2a1c3f90bc1265
user4@example.com,23242521887,f273e8985c1ccf881041fc
user4@example.com,23242521887,c058e3f83be67cf520f5ab
user4@example.com,23242521887,56696684b9456a2eea26d9
user4@example.com,23242521887,c38e31502394622bbdfd3d
user4@example.com,23242521887,09488a6484f973a64d1a68
user4@example.com,23242521887,cc1e3a4a210d2b2d92fa83
user4@example.com,23242521887,ac9054e7b969d8bf862f05
user4@example.com,23242521887,3de460ff5cd4c32ee88b6a
user4@example.com,23242521887,793e6c5196533d7841d01b
user4@example.com,23242521887,369a62db2c071e0dc0bfcb
user4@example.com,23242521887,2594b8e1f68c163d56130c
user4@example.com,23242521887,c11deae89867c2b1c52086
user4@example.com,23242521887,f6391d6adcb4ace83b62d3
user4@example.com,23242521887,0e32c137d6ea6a6dad4698
user4@example.com,23242521887,b6efc9e97b889a05cd446f
user4@example.com,23242521887,4ff7ef928b5f49f8f35775
user4@example.com,23242521887,5ee1ce51ae0aa9e5b3977a
user4@example.com,23242521887,bfe965891acc0a6cad477b
user4@example.com,23242521887,0462eb2270f36ad2d5da74
user4@example.com,23242521887,b75e6a3a46a853458f1c6f
user4@example.com,23242521887,b1d113e11165894fd12c94
user4@example.com,23242521887,d3498853f83af7fe303f34
user4@example.com,23242521887,1406a07118bec79769ea0d
user4@example.com,23242521887,3035d52180dcd39b65af58
user4@example.com,23242521887,b8185a1ef22380e0fe78b8
user4@example.com,23242521887,54c25defe012d5047d84e1
user4@example.com,23242521887,c76dd34367cd5a84abfbca
user4@example.com,23242521887,37c05ef42bb72b9be556d7
user4@example.com,23242521887,206852b9306afa2b3c5dc2
user4@example.com,23242521887,9d7f3524c0c7a0762bb1bc
user4@example.com,23242521887,8358aaf28c0b91ed308fd1
user4@example.com,23242521887,8ce05b677a370641d32094
user4@example.com,23242521887,88f80198047620cb1a5bf1
user4@example.com,23242521887,7f96a59ebec9a542be67cb
user4@example.com,23242521887,345a379980d9bed0f5cfb1
user4@example.com,23242521887,79030867413adea98893ff
user4@example.com,23242521887,875dd3c7b4d87d24d4d912
user4@example.com,23242521887,2c2d2c0291163b077a372c
user4@example.com,23242521887,7fc5172e8123fba6de4434
user4@example.com,23242521887,36f8bffb1f9b612c8aebd3
user4@example.com,23242521887,16a968cdb906137a952161
user4@example.com,23242521887,de36e121b9135c1cc716b9
user4@example.com,23242521887,f473bb5bcc938cd5b01b1a
user4@example.com,23242521887,8780f1b8319cd5a65180ce
user4@example.com,23242521887,316846b2d210944ded686f
user4@example.com,23242521887,5285577208aaf9b65dba1e
user4@example.com,23242521887,9b4c123f1f1393a11202cd
user4@example.com,23242521887,73d23605b2ae7687245381
user4@example.com,23242521887,6ed990a07d4ae2d4ea3e53
user4@example.com,23242521887,14f1a8adb389b57286b162
user4@example.com,23242521887,fe5b04f5188e8f7db9f088
user4@example.com,23242521887,f35f73f741e80498c63a56
user4@example.com,23242521887,401a284fda3e4513d672a4
user4@example.com,23242521887,12ee1d355a581e9f387af6
user4@example.com,23242521887,259a8d8968478898794226
user4@example.com,23242521887,cac884aa198b011ef5e524
user4@example.com,23242521887,38ea5767cfd164fc827ef8
user4@example.com,23242521887,992e1b49ee62cf08fd69b4
user4@example.com,23242521887,267de205844859bb87e9ed
user4@example.com,23242521887,968c10f8f15961d036ca89
user4@example.com,23242521887,db1147a3b1738859f6cecf
user4@example.com,23242521887,09dbd3dc1649885229c940
user4@example.com,23242521887,a9623107ea03b8bf2013e4
user4@example.com,23242521887,e670e5cae4434f49011d17
user4@example.com,23242521887,7ae068e144aab71b5c9f9b
user4@example.com,23242521887,c9e770c62114ed60fd1a4c
user4@example.com,23242521887,3eb0c531dd779dd405f122
user4@example.com,23242521887,ca1a87a8b7dc9ef9995d21
user4@example.com,23242521887,e23910fe6d9a9870499088
user4@example.com,23242521887,8ca80b163a5dffc4b0882b
user4@example.com,23242521887,73020fb23540ad5fcde6b9
user4@example.com,23242521887,6c205528b1335071d1392f
user4@example.com,23242521887,6175b9f6699984f1ede4be
user4@example.com,23242521887,eae84f8a871be21136eae4
user4@example.com,23242521887,cec1c9701843694aec95ef
user4@example.com,23242521887,371b87e1989ecadb976a27
user4@example.com,23242521887,0eae01acd0e16c7ed82742
user4@example.com,23242521887,d43893f5dbb4ab6c1bbafe
user4@example.com,23242521887,26ad8b733470b7b917403d
user4@example.com,23242521887,846c399e82b91210281fb4
user4@example.com,23242521887,d2dd511becbb558a89aee8
user4@example.com,23242521887,2c33f025a6358e34e5f660
user4@example.com,23242521887,c4cdc825178495d1f0c10f
user4@example.com,23242521887,5eafba053066035eca30d3
user4@example.com,23242521887,81e46b1302ebd6c7c82380
user4@example.com,23242521887,b0b21132703f1ccfb85b61
user4@example.com,23242521887,c9f5236f51a843e6688edc
user4@example.com,23242521887,0e14d45c430806127d2a4a
user4@example.com,23242521887,5619d20f42a271281e6c9d
user5@example.com,50232468489,33d80f212cf56490dd04d8
user5@example.com,50232468489,0ce5c0149ce6ee3054cbfc
user5@example.com,50232468489,a5c59c0315098e6d67bb57
user5@example.com,50232468489,57bab982bcba3e65c33206
user5@example.com,50232468489,fa06c627b1210df87bcf8b
user5@example.com,50232468489,da9c9a9e7a6e6c8183ed0e
user5@example.com,50232468489,965dd2531ca8917510c7d2
user5@example.com,50232468489,ce1bb5f155d92ae94c499e
user5@example.com,50232468489,1fdd7a252b569b645c8125
user5@example.com,50232468489,730b13765787de9db73837
user5@example.com,50232468489,eff45f74e46238d5ee4581
user5@example.com,50232468489,663e9c862fab6c6beca0c5
user5@example.com,50232468489,639faf30169858fd76520d
user5@example.com,50232468489,4a5b04b6612655fa3e8d25
user5@example.com,50232468489,492858f336018192afde7b
user5@example.com,50232468489,b64a9394ec249c24e1ced4
user5@example.com,50232468489,e66b8a0acab164bdbf805b
user5@example.com,50232468489,a33ee432e0f3f6c3203573
user5@example.com,50232468489,7a5fe33913ea49316c462b
user5@example.com,50232468489,1fd667100dcb333dbb6610
user5@example.com,50232468489,b13a3cb870915426d67cae
user5@example.com,50232468489,396ec78afb5dc77aad78a1
user5@example.com,50232468489,dc7d3caaa4fc4f835e58c2
user5@example.com,50232468489,83bf90c5ca6c15036bfde2
user5@example.com,50232468489,be05b49960df40ff2a1c9c
user5@example.com,50232468489,68aed070129e82b32ca659
user5@example.com,50232468489,618ec48ad714bf2b9f6e9c
user5@example.com,50232468489,3d6228fab9f35dc500ae75
user5@example.com,50232468489,cccf551faf8c9b7cea5ed7
user5@example.com,50232468489,5da1abae03e5366919646f
user5@example.com,50232468489,21b93a1ecbe747779668fb
user5@example.com,50232468489,c9ac354a7d489deab69567
user5@example.com,50232468489,8febe0ebe006041bc2a6bd
user5@example.com,50232468489,c3c11aa0c4e265d926b4da
user5@example.com,50232468489,900ab8e5bd444d32984a69
user5@example.com,50232468489,c33f496b71bdbb0c58d05b
user5@example.com,50232468489,5909241f525ec8eaab7730
user5@example.com,50232468489,78a46e2317298e114d9978
user5@example.com,50232468489,9857b304e5a88397d2e080
user5@example.com,50232468489,76df70f7e34d9797166ae1
user5@example.com,50232468489,239933db25460d693835c2
user5@example.com,50232468489,309b74a8a61cadf954a140
user5@example.com,50232468489,aa968850a9d255494612ac
user5@example.com,50232468489,7872120c99f1d62ed6a3cc
user5@example.com,50232468489,bb28f8c4a84586e2eb1c3d
user5@example.com,50232468489,86d94959ad70a97055ca75
user5@example.com,50232468489,de59f89341e3af296cadfd
user5@example.com,50232468489,ac31ffd3c55f13c7a6fed5
user5@example.com,50232468489,da61ed7ab765111a42fed3
user5@example.com,50232468489,b150f254e79816bcde37b0
user5@example.com,50232468489,2444914d57fd37fed305ea
user5@example.com,50232468489,c19162e3de8a97b9e8110a
user5@example.com,50232468489,effbbbdf75ed154b53443b
user5@example.com,50232468489,b74ef73746671410328633
user5@example.com,50232468489,176d6d53f1d36157f5bf0f
user5@example.com,50232468489,e973d520f46db7977e019b
user5@example.com,50232468489,84a39d6410e2048502e311
user5@example.com,50232468489,adff855173c9b92b547812
user5@example.com,50232468489,4008bdbb403c33c5d8f37a
user5@example.com,50232468489,05c60711bdfaaf8c63f98f
user5@example.com,50232468489,16fd20c388393f6f097594
user5@example.com,50232468489,fe3897bd6dea8cb3dd56a3
user5@example.com,50232468489,31c31469de39487e91ea48
user5@example.com,50232468489,45ebbb129017c1701ce01a
user5@example.com,50232468489,09c6e3086169271287f71e
user5@example.com,50232468489,84bb4ff9bfc07c6611685f
user5@example.com,50232468489,b03cc90c455d92d8e9a0ce
user5@example.com,50232468489,503de9a57fadb54548bbb4
user5@example.com,50232468489,65c33c3fe9d4a23679e9fa
user5@example.com,50232468489,b1c7d35d58a78888c32757
user5@example.com,50232468489,78bc155f319ea221938600
user5@example.com,50232468489,c386f038d08af7a1e5ba81
user5@example.com,50232468489,f364f4a174a511ca756568
user5@example.com,50232468489,ab1fb90d06e5a07f1f1c44
user5@example.com,50232468489,e41c2d43b624e9237ce154
user5@example.com,50232468489,f6e748983d954aa60e4975
user5@example.com,50232468489,fc3c1071c29e58bbc46a3a
user5@example.com,50232468489,4707e5be880ee1041a9f13
user5@example.com,50232468489,a6ce1a7875b697f3dfb420
user5@example.com,50232468489,24b9298a187e48162094bf
user5@example.com,50232468489,1629c2fdb3159e4ae19de0
user5@example.com,50232468489,acebd26ec2fb9dfa3cb372
user5@example.com,50232468489,6619e1207724ab22333f8b
user5@example.com,50232468489,729b332d2a1c3f90bc1265
user5@example.com,50232468489,f273e8985c1ccf881041fc
user5@example.com,50232468489,4be627711ee0e2a94ee665
user5@example.com,50232468489,1a36ffcbec8f18a9f90b2f
user5@example.com,50232468489,3163477472ec725d0f0d7e
user5@example.com,50232468489,09488a6484f973a64d1a68
user5@example.com,50232468489,cc1e3a4a210d2b2d92fa83
user5@example.com,50232468489,3de460ff5cd4c32ee88b6a
user5@example.com,50232468489,793e6c5196533d7841d01b
user5@example.com,50232468489,369a62db2c071e0dc0bfcb
user5@example.com,50232468489,2594b8e1f68c163d56130c
user5@example.com,50232468489,62ecce73e8f5b427fd4516
user5@example.com,50232468489,c11deae89867c2b1c52086
user5@example.com,50232468489,f6391d6adcb4ace83b62d3
user5@example.com,50232468489,6c2a686736918e1f440a2d
user5@example.com,50232468489,0e32c137d6ea6a6dad4698
user5@example.com,50232468489,b6efc9e97b889a05cd446f
user5@example.com,50232468489,2d4f62338ce03380acd65e
user5@example.com,50232468489,5ee1ce51ae0aa9e5b3977a
user5@example.com,50232468489,bfe965891acc0a6cad477b
user5@example.com,50232468489,0462eb2270f36ad2d5da74
user5@example.com,50232468489,fa624d78ffcb4290a70c68
user5@example.com,50232468489,b75e6a3a46a853458f1c6f
user5@example.com,50232468489,88b15982584de4b01ffb5c
user5@example.com,50232468489,fced5ec02c90c93d746ea1
user5@example.com,50232468489,df2ac64a1a2c4c4b604d02
user5@example.com,50232468489,3271c828bdefa12551e9fe
user5@example.com,50232468489,b1d113e11165894fd12c94
user5@example.com,50232468489,d3498853f83af7fe303f34
user5@example.com,50232468489,1406a07118bec79769ea0d
user5@example.com,50232468489,54c25defe012d5047d84e1
user5@example.com,50232468489,e3ff49f13a4e7be29c8051
user5@example.com,50232468489,c76dd34367cd5a84abfbca
user5@example.com,50232468489,16c0760d73e4ae1374dd81
user5@example.com,50232468489,206852b9306afa2b3c5dc2
user5@example.com,50232468489,9d7f3524c0c7a0762bb1bc
user5@example.com,50232468489,e8dedb948a40d31edd6eb7
user5@example.com,50232468489,0454236a66b299894fc9ee
user5@example.com,50232468489,8358aaf28c0b91ed308fd1
user5@example.com,50232468489,88f80198047620cb1a5bf1
user5@example.com,50232468489,d7e3dd80f6f0f13230cd1d
user5@example.com,50232468489,803cfd29f282a34053c154
user5@example.com,50232468489,7f96a59ebec9a542be67cb
user5@example.com,50232468489,3b81f0228e1c4c50e147a1
user5@example.com,50232468489,62ec9476c2f292040a8126
user5@example.com,50232468489,24f36d3151e02fee037ddf
user5@example.com,50232468489,d098c1a4598e4d45b3b325
user5@example.com,50232468489,56ee13ff49a1f625d9f761
user5@example.com,50232468489,945ec354a9710c53c2dea1
user5@example.com,50232468489,79030867413adea98893ff
user5@example.com,50232468489,875dd3c7b4d87d24d4d912
user5@example.com,50232468489,36f8bffb1f9b612c8aebd3
user5@example.com,50232468489,16a968cdb906137a952161
user5@example.com,50232468489,8780f1b8319cd5a65180ce
user5@example.com,50232468489,5285577208aaf9b65dba1e
user5@example.com,50232468489,88e2d17abaf380bb3625ec
user5@example.com,50232468489,73d23605b2ae7687245381
user5@example.com,50232468489,6ed990a07d4ae2d4ea3e53
user5@example.com,50232468489,14f1a8adb389b57286b162
user5@example.com,50232468489,f35f73f741e80498c63a56
user5@example.com,50232468489,401a284fda3e4513d672a4
user5@example.com,50232468489,12ee1d355a581e9f387af6
user5@example.com,50232468489,259a8d8968478898794226
user5@example.com,50232468489,cac884aa198b011ef5e524
user5@example.com,50232468489,38ea5767cfd164fc827ef8
user5@example.com,50232468489,e7a32095be1f9eae17dd3f
user5@example.com,50232468489,992e1b49ee62cf08fd69b4
user5@example.com,50232468489,db1147a3b1738859f6cecf
user5@example.com,50232468489,3ccca65d3d9843b81f4e25
user5@example.com,50232468489,09dbd3dc1649885229c940
user5@example.com,50232468489,e670e5cae4434f49011d17
user5@example.com,50232468489,7ae068e144aab71b5c9f9b
user5@example.com,50232468489,c9e770c62114ed60fd1a4c
user5@example.com,50232468489,3eb0c531dd779dd405f122
user5@example.com,50232468489,ca1a87a8b7dc9ef9995d21
user5@example.com,50232468489,8ca80b163a5dffc4b0882b
user5@example.com,50232468489,6175b9f6699984f1ede4be
user5@example.com,50232468489,acdd1d24561cfe1f8b56b1
user5@example.com,50232468489,d43893f5dbb4ab6c1bbafe
user5@example.com,50232468489,cec8a49d92af7d3fd2d027
user5@example.com,50232468489,846c399e82b91210281fb4
user5@example.com,50232468489,d2dd511becbb558a89aee8
user5@example.com,50232468489,98cdf0c47bb1a084824d91
user5@example.com,50232468489,2c33f025a6358e34e5f660
user5@example.com,50232468489,bc1906f1d951ebf51b7dd4
user5@example.com,50232468489,c4cdc825178495d1f0c10f
user5@example.com,50232468489,5eafba053066035eca30d3
user5@example.com,50232468489,d2d950cea2da7feb22fc0a
user5@example.com,50232468489,c9f5236f51a843e6688edc
user5@example.com,50232468489,0e14d45c430806127d2a4a
user5@example.com,50232468489,5619d20f42a271281e6c9d
user6@example.com,30974519179,78730be68011dbf5e01001
user6@example.com,30974519179,33d80f212cf56490dd04d8
user6@example.com,30974519179,0ce5c0149ce6ee3054cbfc
user6@example.com,30974519179,a5c59c0315098e6d67bb57
user6@example.com,30974519179,bfef980cea41267e4d641e
user6@example.com,30974519179,57bab982bcba3e65c33206
user6@example.com,30974519179,fdc2393f47cf2d467ac617
user6@example.com,30974519179,965dd2531ca8917510c7d2
user6@example.com,30974519179,ce1bb5f155d92ae94c499e
user6@example.com,30974519179,e5cae2e452131038be4479
user6@example.com,30974519179,1c0b17719e2ea839ef5a64
user6@example.com,30974519179,1fdd7a252b569b645c8125
user6@example.com,30974519179,730b13765787de9db73837
user6@example.com,30974519179,4a5b04b6612655fa3e8d25
user6@example.com,30974519179,a79671eead08ee27e85bea
user6@example.com,30974519179,492858f336018192afde7b
user6@example.com,30974519179,b64a9394ec249c24e1ced4
user6@example.com,30974519179,e66b8a0acab164bdbf805b
user6@example.com,30974519179,a33ee432e0f3f6c3203573
user6@example.com,30974519179,7a5fe33913ea49316c462b
user6@example.com,30974519179,396ec78afb5dc77aad78a1
user6@example.com,30974519179,dc7d3caaa4fc4f835e58c2
user6@example.com,30974519179,bbffa9b55a84b09222df61
user6@example.com,30974519179,83bf90c5ca6c15036bfde2
user6@example.com,30974519179,be05b49960df40ff2a1c9c
user6@example.com,30974519179,68aed070129e82b32ca659
user6@example.com,30974519179,618ec48ad714bf2b9f6e9c
user6@example.com,30974519179,3d6228fab9f35dc500ae75
user6@example.com,30974519179,cccf551faf8c9b7cea5ed7
user6@example.com,30974519179,5da1abae03e5366919646f
user6@example.com,30974519179,8febe0ebe006041bc2a6bd
user6@example.com,30974519179,4cda7705a48cb4ac820e95
user6@example.com,30974519179,c3c11aa0c4e265d926b4da
user6@example.com,30974519179,900ab8e5bd444d32984a69
user6@example.com,30974519179,c33f496b71bdbb0c58d05b
user6@example.com,30974519179,5909241f525ec8eaab7730
user6@example.com,30974519179,02749f37c4e50b419f0dd0
user6@example.com,30974519179,239933db25460d693835c2
user6@example.com,30974519179,9d65b8f84c66dc5a6023ee
user6@example.com,30974519179,aa968850a9d255494612ac
user6@example.com,30974519179,50f263ecf6c5636823c54b
user6@example.com,30974519179,7872120c99f1d62ed6a3cc
user6@example.com,30974519179,22a577559473603593fb15
user6@example.com,30974519179,cc56ee73e45f0546f16d6a
user6@example.com,30974519179,bb28f8c4a84586e2eb1c3d
user6@example.com,30974519179,de59f89341e3af296cadfd
user6@example.com,30974519179,1fde133fd37227be92ce43
user6@example.com,30974519179,da61ed7ab765111a42fed3
user6@example.com,30974519179,b150f254e79816bcde37b0
user6@example.com,30974519179,2444914d57fd37fed305ea
user6@example.com,30974519179,c19162e3de8a97b9e8110a
user6@example.com,30974519179,fd1a5756ab987837234970
user6@example.com,30974519179,9c512979eb7ce53d77e7b4
user6@example.com,30974519179,effbbbdf75ed154b53443b
user6@example.com,30974519179,cdb6bb313bcc33c12a63e9
user6@example.com,30974519179,68924f64542ebb1a7a1f89
user6@example.com,30974519179,176d6d53f1d36157f5bf0f
user6@example.com,30974519179,fddd91688019435dd19178
user6@example.com,30974519179,e973d520f46db7977e019b
user6@example.com,30974519179,84a39d6410e2048502e311
user6@example.com,30974519179,adff855173c9b92b547812
user6@example.com,30974519179,1d4c9c776942b229ef7fda
user6@example.com,30974519179,3900b250e08a1557bbc6c0
user6@example.com,30974519179,f5c7108429bd1d3c1b1812
user6@example.com,30974519179,86f0a2775b958ee79ee431
user6@example.com,30974519179,16fd20c388393f6f097594
user6@example.com,30974519179,fe3897bd6dea8cb3dd56a3
user6@example.com,30974519179,45ebbb129017c1701ce01a
user6@example.com,30974519179,d65fa42e541d5d71920b0d
user6@example.com,30974519179,503de9a57fadb54548bbb4
user6@example.com,30974519179,0f70ccc5fa0510e1af6b79
user6@example.com,30974519179,65c33c3fe9d4a23679e9fa
user6@example.com,30974519179,e67f86595af757b24d689f
user6@example.com,30974519179,ab1fb90d06e5a07f1f1c44
user6@example.com,30974519179,e41c2d43b624e9237ce154
user6@example.com,30974519179,b2c759e28701a00121e5e1
user6@example.com,30974519179,f6e748983d954aa60e4975
user6@example.com,30974519179,4707e5be880ee1041a9f13
user6@example.com,30974519179,a6ce1a7875b697f3dfb420
user6@example.com,30974519179,62a259c52a81019bc1291d
user6@example.com,30974519179,6b6ec31694fa0a2cd1e768
user6@example.com,30974519179,24b9298a187e48162094bf
user6@example.com,30974519179,1629c2fdb3159e4ae19de0
user6@example.com,30974519179,6619e1207724ab22333f8b
user6@example.com,30974519179,729b332d2a1c3f90bc1265
user6@example.com,30974519179,f273e8985c1ccf881041fc
user6@example.com,30974519179,c058e3f83be67cf520f5ab
user6@example.com,30974519179,cb09b21969357e87a28402
user6@example.com,30974519179,8e35ce399f79db5792f2c2
user6@example.com,30974519179,56696684b9456a2eea26d9
user6@example.com,30974519179,1a36ffcbec8f18a9f90b2f
user6@example.com,30974519179,c38e31502394622bbdfd3d
user6@example.com,30974519179,3163477472ec725d0f0d7e
user6@example.com,30974519179,0be1414a8fe60e9614c446
user6@example.com,30974519179,09488a6484f973a64d1a68
user6@example.com,30974519179,cc1e3a4a210d2b2d92fa83
user6@example.com,30974519179,3de460ff5cd4c32ee88b6a
user6@example.com,30974519179,793e6c5196533d7841d01b
user6@example.com,30974519179,2594b8e1f68c163d56130c
user6@example.com,30974519179,7f5162f19979e468499c5b
user6@example.com,30974519179,c11deae89867c2b1c52086
user6@example.com,30974519179,35d4d36ea07aaa2e85986d
user6@example.com,30974519179,a2f4b1e5f1effff51ccd77
user6@example.com,30974519179,6c2a686736918e1f440a2d
user6@example.com,30974519179,0e32c137d6ea6a6dad4698
user6@example.com,30974519179,b6efc9e97b889a05cd446f
user6@example.com,30974519179,2d4f62338ce03380acd65e
user6@example.com,30974519179,7dc4e2581480c301945a82
user6@example.com,30974519179,5ee1ce51ae0aa9e5b3977a
user6@example.com,30974519179,bfe965891acc0a6cad477b
user6@example.com,30974519179,0462eb2270f36ad2d5da74
user6@example.com,30974519179,fa624d78ffcb4290a70c68
user6@example.com,30974519179,b75e6a3a46a853458f1c6f
user6@example.com,30974519179,88b15982584de4b01ffb5c
user6@example.com,30974519179,fced5ec02c90c93d746ea1
user6@example.com,30974519179,df2ac64a1a2c4c4b604d02
user6@example.com,30974519179,3271c828bdefa12551e9fe
user6@example.com,30974519179,b1d113e11165894fd12c94
user6@example.com,30974519179,52816e112128a62dff04cd
user6@example.com,30974519179,1406a07118bec79769ea0d
user6@example.com,30974519179,2aa4167cb2ac23100d51c3
user6@example.com,30974519179,54c25defe012d5047d84e1
user6@example.com,30974519179,0b4e3dbc0a1f079322f885
user6@example.com,30974519179,c76dd34367cd5a84abfbca
user6@example.com,30974519179,16c0760d73e4ae1374dd81
user6@example.com,30974519179,9d7f3524c0c7a0762bb1bc
user6@example.com,30974519179,8358aaf28c0b91ed308fd1
user6@example.com,30974519179,8ce05b677a370641d32094
user6@example.com,30974519179,88f80198047620cb1a5bf1
user6@example.com,30974519179,7f96a59ebec9a542be67cb
user6@example.com,30974519179,62ec9476c2f292040a8126
user6@example.com,30974519179,bf2528a296adb62d041a75
user6@example.com,30974519179,54d4787123a24807a7cd59
user6@example.com,30974519179,56ee13ff49a1f625d9f761
user6@example.com,30974519179,3196b508ebcf22a48827f6
user6@example.com,30974519179,945ec354a9710c53c2dea1
user6@example.com,30974519179,79030867413adea98893ff
user6@example.com,30974519179,ddd930cfe24910d53238aa
user6@example.com,30974519179,875dd3c7b4d87d24d4d912
user6@example.com,30974519179,13e5ab59cdc1edf9dbec36
user6@example.com,30974519179,7fc5172e8123fba6de4434
user6@example.com,30974519179,36f8bffb1f9b612c8aebd3
user6@example.com,30974519179,16a968cdb906137a952161
user6@example.com,30974519179,de36e121b9135c1cc716b9
user6@example.com,30974519179,8780f1b8319cd5a65180ce
user6@example.com,30974519179,316846b2d210944ded686f
user6@example.com,30974519179,5285577208aaf9b65dba1e
user6@example.com,30974519179,9b4c123f1f1393a11202cd
user6@example.com,30974519179,73d23605b2ae7687245381
user6@example.com,30974519179,6ed990a07d4ae2d4ea3e53
user6@example.com,30974519179,14f1a8adb389b57286b162
user6@example.com,30974519179,f35f73f741e80498c63a56
user6@example.com,30974519179,259a8d8968478898794226
user6@example.com,30974519179,cac884aa198b011ef5e524
user6@example.com,30974519179,38ea5767cfd164fc827ef8
user6@example.com,30974519179,e7a32095be1f9eae17dd3f
user6@example.com,30974519179,7cd0f471d3423be83004e9
user6@example.com,30974519179,992e1b49ee62cf08fd69b4
user6@example.com,30974519179,267de205844859bb87e9ed
user6@example.com,30974519179,3ccca65d3d9843b81f4e25
user6@example.com,30974519179,dbcef8cf6f5ecfa1f231ec
user6@example.com,30974519179,09dbd3dc1649885229c940
user6@example.com,30974519179,a9623107ea03b8bf2013e4
user6@example.com,30974519179,e670e5cae4434f49011d17
user6@example.com,30974519179,7ae068e144aab71b5c9f9b
user6@example.com,30974519179,c9e770c62114ed60fd1a4c
user6@example.com,30974519179,3eb0c531dd779dd405f122
user6@example.com,30974519179,8ca80b163a5dffc4b0882b
user6@example.com,30974519179,ac256c767bfa3711f9f6e0
user6@example.com,30974519179,73020fb23540ad5fcde6b9
user6@example.com,30974519179,6175b9f6699984f1ede4be
user6@example.com,30974519179,cec1c9701843694aec95ef
user6@example.com,30974519179,1fad8a5cfb9eec3890d766
user6@example.com,30974519179,fde8abb51ce7fa4195a2ca
user6@example.com,30974519179,d43893f5dbb4ab6c1bbafe
user6@example.com,30974519179,26ad8b733470b7b917403d
user6@example.com,30974519179,846c399e82b91210281fb4
user6@example.com,30974519179,d2dd511becbb558a89aee8
user6@example.com,30974519179,98cdf0c47bb1a084824d91
user6@example.com,30974519179,c3865287567759903b2a32
user6@example.com,30974519179,bc1906f1d951ebf51b7dd4
user6@example.com,30974519179,c4cdc825178495d1f0c10f
user6@example.com,30974519179,5eafba053066035eca30d3
user6@example.com,30974519179,81e46b1302ebd6c7c82380
user6@example.com,30974519179,d2d950cea2da7feb22fc0a
user6@example.com,30974519179,c9f5236f51a843e6688edc
user6@example.com,30974519179,0e14d45c430806127d2a4a
user6@example.com,30974519179,5619d20f42a271281e6c9d
user7@example.com,39570085044,18bc963752cd1de09a7134
user7@example.com,39570085044,b23bf3d133e87387964e71
user7@example.com,39570085044,de88b1d1abf69a8537aed2
user7@example.com,39570085044,33d80f212cf56490dd04d8
user7@example.com,39570085044,0ce5c0149ce6ee3054cbfc
user7@example.com,39570085044,a5c59c0315098e6d67bb57
user7@example.com,39570085044,fdc2393f47cf2d467ac617
user7@example.com,39570085044,da9c9a9e7a6e6c8183ed0e
user7@example.com,39570085044,965dd2531ca8917510c7d2
user7@example.com,39570085044,eff45f74e46238d5ee4581
user7@example.com,39570085044,663e9c862fab6c6beca0c5
user7@example.com,39570085044,44216077a82bc82eb6b085
user7@example.com,39570085044,c2bf5a55a7710769f17d14
user7@example.com,39570085044,4a5b04b6612655fa3e8d25
user7@example.com,39570085044,a79671eead08ee27e85bea
user7@example.com,39570085044,b08b705cd8135e64836d2a
user7@example.com,39570085044,492858f336018192afde7b
user7@example.com,39570085044,b64a9394ec249c24e1ced4
user7@example.com,39570085044,e66b8a0acab164bdbf805b
user7@example.com,39570085044,7a5fe33913ea49316c462b
user7@example.com,39570085044,1fd667100dcb333dbb6610
user7@example.com,39570085044,3d62cc4b26a7c79c163a45
user7@example.com,39570085044,dc7d3caaa4fc4f835e58c2
user7@example.com,39570085044,be05b49960df40ff2a1c9c
user7@example.com,39570085044,68aed070129e82b32ca659
user7@example.com,39570085044,97df8caf45c0d6692e0bc0
user7@example.com,39570085044,3d6228fab9f35dc500ae75
user7@example.com,39570085044,8274cb9cad2efcefc1fa78
user7@example.com,39570085044,cccf551faf8c9b7cea5ed7
user7@example.com,39570085044,5da1abae03e5366919646f
user7@example.com,39570085044,c9ac354a7d489deab69567
user7@example.com,39570085044,8febe0ebe006041bc2a6bd
user7@example.com,39570085044,4cda7705a48cb4ac820e95
user7@example.com,39570085044,c3c11aa0c4e265d926b4da
user7@example.com,39570085044,900ab8e5bd444d32984a69
user7@example.com,39570085044,c33f496b71bdbb0c58d05b
user7@example.com,39570085044,5909241f525ec8eaab7730
user7@example.com,39570085044,78a46e2317298e114d9978
user7@example.com,39570085044,86517b0d724548d323c8dc
user7@example.com,39570085044,02749f37c4e50b419f0dd0
user7@example.com,39570085044,239933db25460d693835c2
user7@example.com,39570085044,aa968850a9d255494612ac
user7@example.com,39570085044,50f263ecf6c5636823c54b
user7@example.com,39570085044,7872120c99f1d62ed6a3cc
user7@example.com,39570085044,bb28f8c4a84586e2eb1c3d
user7@example.com,39570085044,ac31ffd3c55f13c7a6fed5
user7@example.com,39570085044,1fde133fd37227be92ce43
user7@example.com,39570085044,da61ed7ab765111a42fed3
user7@example.com,39570085044,b150f254e79816bcde37b0
user7@example.com,39570085044,2444914d57fd37fed305ea
user7@example.com,39570085044,39a58caf29155bf838efdb
user7@example.com,39570085044,c19162e3de8a97b9e8110a
user7@example.com,39570085044,fd1a5756ab987837234970
user7@example.com,39570085044,9c512979eb7ce53d77e7b4
user7@example.com,39570085044,0de86b3ed577eae77ee959
user7@example.com,39570085044,71df5ec4cd313132bf6d3d
user7@example.com,39570085044,effbbbdf75ed154b53443b
user7@example.com,39570085044,b74ef73746671410328633
user7@example.com,39570085044,68924f64542ebb1a7a1f89
user7@example.com,39570085044,79566c83c77237bf34f1b8
user7@example.com,39570085044,e973d520f46db7977e019b
user7@example.com,39570085044,21730e072b931cff6e4b4a
user7@example.com,39570085044,84a39d6410e2048502e311
user7@example.com,39570085044,773d2c16d90cdda54a9678
user7@example.com,39570085044,adff855173c9b92b547812
user7@example.com,39570085044,af77dbf445f40688b0ed0d
user7@example.com,39570085044,4008bdbb403c33c5d8f37a
user7@example.com,39570085044,bb28f52f24482ee421aa70
user7@example.com,39570085044,5f621077215b08b0524dc5
user7@example.com,39570085044,f501876566964328fc3b87
user7@example.com,39570085044,f5f6b884d17f7f9e47c76f
user7@example.com,39570085044,16fd20c388393f6f097594
user7@example.com,39570085044,fe3897bd6dea8cb3dd56a3
user7@example.com,39570085044,31c31469de39487e91ea48
user7@example.com,39570085044,45ebbb129017c1701ce01a
user7@example.com,39570085044,d65fa42e541d5d71920b0d
user7@example.com,39570085044,6a47420e36b2c7b0b74ea9
user7@example.com,39570085044,0f70ccc5fa0510e1af6b79
user7@example.com,39570085044,65c33c3fe9d4a23679e9fa
user7@example.com,39570085044,b1c7d35d58a78888c32757
user7@example.com,39570085044,0cc30d6688ca90a3e3a811
user7@example.com,39570085044,ff51ada376d6ddc54bfae2
user7@example.com,39570085044,e67f86595af757b24d689f
user7@example.com,39570085044,ab1fb90d06e5a07f1f1c44
user7@example.com,39570085044,e41c2d43b624e9237ce154
user7@example.com,39570085044,b2c759e28701a00121e5e1
user7@example.com,39570085044,f6e748983d954aa60e4975
user7@example.com,39570085044,4707e5be880ee1041a9f13
user7@example.com,39570085044,a6ce1a7875b697f3dfb420
user7@example.com,39570085044,62a259c52a81019bc1291d
user7@example.com,39570085044,24b9298a187e48162094bf
user7@example.com,39570085044,1629c2fdb3159e4ae19de0
user7@example.com,39570085044,acebd26ec2fb9dfa3cb372
user7@example.com,39570085044,6619e1207724ab22333f8b
user7@example.com,39570085044,eae89ce52de2966a965ddd
user7@example.com,39570085044,729b332d2a1c3f90bc1265
user7@example.com,39570085044,f273e8985c1ccf881041fc
user7@example.com,39570085044,c058e3f83be67cf520f5ab
user7@example.com,39570085044,8e35ce399f79db5792f2c2
user7@example.com,39570085044,56696684b9456a2eea26d9
user7@example.com,39570085044,0be1414a8fe60e9614c446
user7@example.com,39570085044,09488a6484f973a64d1a68
user7@example.com,39570085044,cc1e3a4a210d2b2d92fa83
user7@example.com,39570085044,ac9054e7b969d8bf862f05
user7@example.com,39570085044,3de460ff5cd4c32ee88b6a
user7@example.com,39570085044,793e6c5196533d7841d01b
user7@example.com,39570085044,2594b8e1f68c163d56130c
user7@example.com,39570085044,c11deae89867c2b1c52086
user7@example.com,39570085044,f6391d6adcb4ace83b62d3
user7@example.com,39570085044,d294abec4bbb19315f59d6
user7@example.com,39570085044,4f74e1399838598ab4db1f
user7@example.com,39570085044,0e32c137d6ea6a6dad4698
user7@example.com,39570085044,7dc4e2581480c301945a82
user7@example.com,39570085044,5ee1ce51ae0aa9e5b3977a
user7@example.com,39570085044,bfe965891acc0a6cad477b
user7@example.com,39570085044,0462eb2270f36ad2d5da74
user7@example.com,39570085044,a9af75c1d9b6d69f37f9f8
user7@example.com,39570085044,fa624d78ffcb4290a70c68
user7@example.com,39570085044,b75e6a3a46a853458f1c6f
user7@example.com,39570085044,3271c828bdefa12551e9fe
user7@example.com,39570085044,b1d113e11165894fd12c94
user7@example.com,39570085044,d462e89d5fbb516f304473
user7@example.com,39570085044,52816e112128a62dff04cd
user7@example.com,39570085044,1406a07118bec79769ea0d
user7@example.com,39570085044,2aa4167cb2ac23100d51c3
user7@example.com,39570085044,54c25defe012d5047d84e1
user7@example.com,39570085044,c76dd34367cd5a84abfbca
user7@example.com,39570085044,b05c01736186254958f53e
user7@example.com,39570085044,1a64b15f2b6faaf28a618e
user7@example.com,39570085044,206852b9306afa2b3c5dc2
user7@example.com,39570085044,9d7f3524c0c7a0762bb1bc
user7@example.com,39570085044,8358aaf28c0b91ed308fd1
user7@example.com,39570085044,8ce05b677a370641d32094
user7@example.com,39570085044,88f80198047620cb1a5bf1
user7@example.com,39570085044,d7e3dd80f6f0f13230cd1d
user7@example.com,39570085044,7f96a59ebec9a542be67cb
user7@example.com,39570085044,53803d4b74e03338f3f637
user7@example.com,39570085044,24f36d3151e02fee037ddf
user7@example.com,39570085044,d098c1a4598e4d45b3b325
user7@example.com,39570085044,56ee13ff49a1f625d9f761
user7@example.com,39570085044,3196b508ebcf22a48827f6
user7@example.com,39570085044,945ec354a9710c53c2dea1
user7@example.com,39570085044,79030867413adea98893ff
user7@example.com,39570085044,875dd3c7b4d87d24d4d912
user7@example.com,39570085044,7fc5172e8123fba6de4434
user7@example.com,39570085044,16a968cdb906137a952161
user7@example.com,39570085044,f473bb5bcc938cd5b01b1a
user7@example.com,39570085044,8780f1b8319cd5a65180ce
user7@example.com,39570085044,316846b2d210944ded686f
user7@example.com,39570085044,5285577208aaf9b65dba1e
user7@example.com,39570085044,9b4c123f1f1393a11202cd
user7@example.com,39570085044,a3061cda85c375e581c5b5
user7@example.com,39570085044,73d23605b2ae7687245381
user7@example.com,39570085044,6ed990a07d4ae2d4ea3e53
user7@example.com,39570085044,14f1a8adb389b57286b162
user7@example.com,39570085044,6b11f0bc460b9ea0197883
user7@example.com,39570085044,f35f73f741e80498c63a56
user7@example.com,39570085044,401a284fda3e4513d672a4
user7@example.com,39570085044,259a8d8968478898794226
user7@example.com,39570085044,cac884aa198b011ef5e524
user7@example.com,39570085044,38ea5767cfd164fc827ef8
user7@example.com,39570085044,e7a32095be1f9eae17dd3f
user7@example.com,39570085044,992e1b49ee62cf08fd69b4
user7@example.com,39570085044,267de205844859bb87e9ed
user7@example.com,39570085044,8c359ca94573d25a14f54f
user7@example.com,39570085044,3ccca65d3d9843b81f4e25
user7@example.com,39570085044,a9623107ea03b8bf2013e4
user7@example.com,39570085044,e670e5cae4434f49011d17
user7@example.com,39570085044,7ae068e144aab71b5c9f9b
user7@example.com,39570085044,c9e770c62114ed60fd1a4c
user7@example.com,39570085044,ca1a87a8b7dc9ef9995d21
user7@example.com,39570085044,8ca80b163a5dffc4b0882b
user7@example.com,39570085044,0e2bad2ca7080a03a62896
user7@example.com,39570085044,ac256c767bfa3711f9f6e0
user7@example.com,39570085044,6175b9f6699984f1ede4be
user7@example.com,39570085044,cec1c9701843694aec95ef
user7@example.com,39570085044,766611846fcb521214ee25
user7@example.com,39570085044,d43893f5dbb4ab6c1bbafe
user7@example.com,39570085044,846c399e82b91210281fb4
user7@example.com,39570085044,d2dd511becbb558a89aee8
user7@example.com,39570085044,2c33f025a6358e34e5f660
user7@example.com,39570085044,bc1906f1d951ebf51b7dd4
user7@example.com,39570085044,c4cdc825178495d1f0c10f
user7@example.com,39570085044,5eafba053066035eca30d3
user7@example.com,39570085044,b0b21132703f1ccfb85b61
user7@example.com,39570085044,c9f5236f51a843e6688edc
user7@example.com,39570085044,0e14d45c430806127d2a4a
user7@example.com,39570085044,4ac78e41d39c0c96545f3d
user7@example.com,39570085044,5619d20f42a271281e6c9d
user7@example.com,39570085044,7d37a1025500add7afc634
user8@example.com,99919249023,33d80f212cf56490dd04d8
user8@example.com,99919249023,a5c59c0315098e6d67bb57
user8@example.com,99919249023,57bab982bcba3e65c33206
user8@example.com,99919249023,fdc2393f47cf2d467ac617
user8@example.com,99919249023,ce1bb5f155d92ae94c499e
user8@example.com,99919249023,1fdd7a252b569b645c8125
user8@example.com,99919249023,eff45f74e46238d5ee4581
user8@example.com,99919249023,492561cf76939197932bb7
user8@example.com,99919249023,c2bf5a55a7710769f17d14
user8@example.com,99919249023,4a5b04b6612655fa3e8d25
user8@example.com,99919249023,a79671eead08ee27e85bea
user8@example.com,99919249023,492858f336018192afde7b
user8@example.com,99919249023,b64a9394ec249c24e1ced4
user8@example.com,99919249023,e66b8a0acab164bdbf805b
user8@example.com,99919249023,a33ee432e0f3f6c3203573
user8@example.com,99919249023,7a5fe33913ea49316c462b
user8@example.com,99919249023,1fd667100dcb333dbb6610
user8@example.com,99919249023,e0dceb303b5587ec5a4689
user8@example.com,99919249023,396ec78afb5dc77aad78a1
user8@example.com,99919249023,dc7d3caaa4fc4f835e58c2
user8@example.com,99919249023,e1df67ac374edf4cfe2718
user8@example.com,99919249023,be05b49960df40ff2a1c9c
user8@example.com,99919249023,68aed070129e82b32ca659
user8@example.com,99919249023,618ec48ad714bf2b9f6e9c
user8@example.com,99919249023,8274cb9cad2efcefc1fa78
user8@example.com,99919249023,cccf551faf8c9b7cea5ed7
user8@example.com,99919249023,5da1abae03e5366919646f
user8@example.com,99919249023,8febe0ebe006041bc2a6bd
user8@example.com,99919249023,c3c11aa0c4e265d926b4da
user8@example.com,99919249023,c33f496b71bdbb0c58d05b
user8@example.com,99919249023,5909241f525ec8eaab7730
user8@example.com,99919249023,78a46e2317298e114d9978
user8@example.com,99919249023,86517b0d724548d323c8dc
user8@example.com,99919249023,02749f37c4e50b419f0dd0
user8@example.com,99919249023,239933db25460d693835c2
user8@example.com,99919249023,309b74a8a61cadf954a140
user8@example.com,99919249023,aa968850a9d255494612ac
user8@example.com,99919249023,50f263ecf6c5636823c54b
user8@example.com,99919249023,7872120c99f1d62ed6a3cc
user8@example.com,99919249023,cc56ee73e45f0546f16d6a
user8@example.com,99919249023,62682427484706e9af0a10
user8@example.com,99919249023,bb28f8c4a84586e2eb1c3d
user8@example.com,99919249023,da61ed7ab765111a42fed3
user8@example.com,99919249023,d5fd1f47734e353d830947
user8@example.com,99919249023,b150f254e79816bcde37b0
user8@example.com,99919249023,2444914d57fd37fed305ea
user8@example.com,99919249023,c19162e3de8a97b9e8110a
user8@example.com,99919249023,fd1a5756ab987837234970
user8@example.com,99919249023,9c512979eb7ce53d77e7b4
user8@example.com,99919249023,71df5ec4cd313132bf6d3d
user8@example.com,99919249023,effbbbdf75ed154b53443b
user8@example.com,99919249023,176d6d53f1d36157f5bf0f
user8@example.com,99919249023,21730e072b931cff6e4b4a
user8@example.com,99919249023,84a39d6410e2048502e311
user8@example.com,99919249023,fa2d2c190e87f0ad8341a6
user8@example.com,99919249023,773d2c16d90cdda54a9678
user8@example.com,99919249023,adff855173c9b92b547812
user8@example.com,99919249023,4008bdbb403c33c5d8f37a
user8@example.com,99919249023,eef80c045127e5c3b026a3
user8@example.com,99919249023,1ef215588e296d9d2ff662
user8@example.com,99919249023,fe3897bd6dea8cb3dd56a3
user8@example.com,99919249023,45ebbb129017c1701ce01a
user8@example.com,99919249023,047dbb60bd47a064ed6b51
user8@example.com,99919249023,d65fa42e541d5d71920b0d
user8@example.com,99919249023,09c6e3086169271287f71e
user8@example.com,99919249023,6a47420e36b2c7b0b74ea9
user8@example.com,99919249023,c6e562cdf5cbfff9a13d2b
user8@example.com,99919249023,84bb4ff9bfc07c6611685f
user8@example.com,99919249023,b03cc90c455d92d8e9a0ce
user8@example.com,99919249023,65c33c3fe9d4a23679e9fa
user8@example.com,99919249023,ff51ada376d6ddc54bfae2
user8@example.com,99919249023,ab1fb90d06e5a07f1f1c44
user8@example.com,99919249023,e41c2d43b624e9237ce154
user8@example.com,99919249023,fc3c1071c29e58bbc46a3a
user8@example.com,99919249023,4707e5be880ee1041a9f13
user8@example.com,99919249023,a6ce1a7875b697f3dfb420
user8@example.com,99919249023,dcbf5da91c2f54ea1d5cc3
user8@example.com,99919249023,b1fa8c50f6900475ab44d9
user8@example.com,99919249023,24b9298a187e48162094bf
user8@example.com,99919249023,1629c2fdb3159e4ae19de0
user8@example.com,99919249023,acebd26ec2fb9dfa3cb372
user8@example.com,99919249023,6619e1207724ab22333f8b
user8@example.com,99919249023,adeb2079bd9c711f320a85
user8@example.com,99919249023,eae89ce52de2966a965ddd
user8@example.com,99919249023,64084c2482ecc747fd7831
user8@example.com,99919249023,729b332d2a1c3f90bc1265
user8@example.com,99919249023,f273e8985c1ccf881041fc
user8@example.com,99919249023,56696684b9456a2eea26d9
user8@example.com,99919249023,1a36ffcbec8f18a9f90b2f
user8@example.com,99919249023,0be1414a8fe60e9614c446
user8@example.com,99919249023,09488a6484f973a64d1a68
user8@example.com,99919249023,cc1e3a4a210d2b2d92fa83
user8@example.com,99919249023,3de460ff5cd4c32ee88b6a
user8@example.com,99919249023,793e6c5196533d7841d01b
user8@example.com,99919249023,369a62db2c071e0dc0bfcb
user8@example.com,99919249023,2594b8e1f68c163d56130c
user8@example.com,99919249023,62ecce73e8f5b427fd4516
user8@example.com,99919249023,c11deae89867c2b1c52086
user8@example.com,99919249023,f6391d6adcb4ace83b62d3
user8@example.com,99919249023,0e32c137d6ea6a6dad4698
user8@example.com,99919249023,b6efc9e97b889a05cd446f
user8@example.com,99919249023,41084537afc680ed7670aa
user8@example.com,99919249023,4ff7ef928b5f49f8f35775
user8@example.com,99919249023,bfe965891acc0a6cad477b
user8@example.com,99919249023,0462eb2270f36ad2d5da74
user8@example.com,99919249023,a9af75c1d9b6d69f37f9f8
user8@example.com,99919249023,fa624d78ffcb4290a70c68
user8@example.com,99919249023,b75e6a3a46a853458f1c6f
user8@example.com,99919249023,8b0ee5a501cef4a5699fd3
user8@example.com,99919249023,3271c828bdefa12551e9fe
user8@example.com,99919249023,b1d113e11165894fd12c94
user8@example.com,99919249023,1406a07118bec79769ea0d
user8@example.com,99919249023,c76dd34367cd5a84abfbca
user8@example.com,99919249023,b05c01736186254958f53e
user8@example.com,99919249023,54fa4b171d28e17ee35e1e
user8@example.com,99919249023,206852b9306afa2b3c5dc2
user8@example.com,99919249023,9d7f3524c0c7a0762bb1bc
user8@example.com,99919249023,8358aaf28c0b91ed308fd1
user8@example.com,99919249023,8ce05b677a370641d32094
user8@example.com,99919249023,88f80198047620cb1a5bf1
user8@example.com,99919249023,7f96a59ebec9a542be67cb
user8@example.com,99919249023,62ec9476c2f292040a8126
user8@example.com,99919249023,24f36d3151e02fee037ddf
user8@example.com,99919249023,56ee13ff49a1f625d9f761
user8@example.com,99919249023,945ec354a9710c53c2dea1
user8@example.com,99919249023,79030867413adea98893ff
user8@example.com,99919249023,875dd3c7b4d87d24d4d912
user8@example.com,99919249023,7fc5172e8123fba6de4434
user8@example.com,99919249023,16a968cdb906137a952161
user8@example.com,99919249023,de36e121b9135c1cc716b9
user8@example.com,99919249023,5285577208aaf9b65dba1e
user8@example.com,99919249023,73d23605b2ae7687245381
user8@example.com,99919249023,6ed990a07d4ae2d4ea3e53
user8@example.com,99919249023,14f1a8adb389b57286b162
user8@example.com,99919249023,fe5b04f5188e8f7db9f088
user8@example.com,99919249023,f35f73f741e80498c63a56
user8@example.com,99919249023,b9fbeb7e58125ff49f7ff7
user8@example.com,99919249023,401a284fda3e4513d672a4
user8@example.com,99919249023,259a8d8968478898794226
user8@example.com,99919249023,cac884aa198b011ef5e524
user8@example.com,99919249023,38ea5767cfd164fc827ef8
user8@example.com,99919249023,e7a32095be1f9eae17dd3f
user8@example.com,99919249023,992e1b49ee62cf08fd69b4
user8@example.com,99919249023,267de205844859bb87e9ed
user8@example.com,99919249023,351691dbf4eadb8cc251d3
user8@example.com,99919249023,3ccca65d3d9843b81f4e25
user8@example.com,99919249023,d793f3093897aa5a1e8c29
user8@example.com,99919249023,a9623107ea03b8bf2013e4
user8@example.com,99919249023,e670e5cae4434f49011d17
user8@example.com,99919249023,7ae068e144aab71b5c9f9b
user8@example.com,99919249023,c9e770c62114ed60fd1a4c
user8@example.com,99919249023,d389511c7ef42897769024
user8@example.com,99919249023,3eb0c531dd779dd405f122
user8@example.com,99919249023,ca1a87a8b7dc9ef9995d21
user8@example.com,99919249023,8ca80b163a5dffc4b0882b
user8@example.com,99919249023,6175b9f6699984f1ede4be
user8@example.com,99919249023,06a219b87639016b2978fa
user8@example.com,99919249023,371b87e1989ecadb976a27
user8@example.com,99919249023,d43893f5dbb4ab6c1bbafe
user8@example.com,99919249023,26ad8b733470b7b917403d
user8@example.com,99919249023,846c399e82b91210281fb4
user8@example.com,99919249023,d2dd511becbb558a89aee8
user8@example.com,99919249023,e4b9906faeddabd7548ae1
user8@example.com,99919249023,2c33f025a6358e34e5f660
user8@example.com,99919249023,bc1906f1d951ebf51b7dd4
user8@example.com,99919249023,1f6d18b90f44b9a7641ec8
user8@example.com,99919249023,5eafba053066035eca30d3
user8@example.com,99919249023,81e46b1302ebd6c7c82380
user8@example.com,99919249023,b0b21132703f1ccfb85b61
user8@example.com,99919249023,0e14d45c430806127d2a4a
user8@example.com,99919249023,5619d20f42a271281e6c9d
user9@example.com,97091540855,de88b1d1abf69a8537aed2
user9@example.com,97091540855,33d80f212cf56490dd04d8
user9@example.com,97091540855,a5c59c0315098e6d67bb57
user9@example.com,97091540855,bfef980cea41267e4d641e
user9@example.com,97091540855,57bab982bcba3e65c33206
user9@example.com,97091540855,fdc2393f47cf2d467ac617
user9@example.com,97091540855,ce1bb5f155d92ae94c499e
user9@example.com,97091540855,1fdd7a252b569b645c8125
user9@example.com,97091540855,4a5b04b6612655fa3e8d25
user9@example.com,97091540855,a79671eead08ee27e85bea
user9@example.com,97091540855,492858f336018192afde7b
user9@example.com,97091540855,b64a9394ec249c24e1ced4
user9@example.com,97091540855,e66b8a0acab164bdbf805b
user9@example.com,97091540855,a33ee432e0f3f6c3203573
user9@example.com,97091540855,7a5fe33913ea49316c462b
user9@example.com,97091540855,1fd667100dcb333dbb6610
user9@example.com,97091540855,396ec78afb5dc77aad78a1
user9@example.com,97091540855,dc7d3caaa4fc4f835e58c2
user9@example.com,97091540855,be05b49960df40ff2a1c9c
user9@example.com,97091540855,68aed070129e82b32ca659
user9@example.com,97091540855,618ec48ad714bf2b9f6e9c
user9@example.com,97091540855,3d6228fab9f35dc500ae75
user9@example.com,97091540855,8274cb9cad2efcefc1fa78
user9@example.com,97091540855,cccf551faf8c9b7cea5ed7
user9@example.com,97091540855,5da1abae03e5366919646f
user9@example.com,97091540855,8febe0ebe006041bc2a6bd
user9@example.com,97091540855,4cda7705a48cb4ac820e95
user9@example.com,97091540855,c3c11aa0c4e265d926b4da
user9@example.com,97091540855,900ab8e5bd444d32984a69
user9@example.com,97091540855,c33f496b71bdbb0c58d05b
user9@example.com,97091540855,78a46e2317298e114d9978
user9@example.com,97091540855,76df70f7e34d9797166ae1
user9@example.com,97091540855,02749f37c4e50b419f0dd0
user9@example.com,97091540855,ca9ef3708c06c99741e62c
user9@example.com,97091540855,239933db25460d693835c2
user9@example.com,97091540855,9d65b8f84c66dc5a6023ee
user9@example.com,97091540855,81c7ba2dd0a77282b2daac
user9@example.com,97091540855,aa968850a9d255494612ac
user9@example.com,97091540855,7872120c99f1d62ed6a3cc
user9@example.com,97091540855,2a02f4c7cffcdb2b7ed987
user9@example.com,97091540855,cc56ee73e45f0546f16d6a
user9@example.com,97091540855,6b959deef4cdd5cd361e37
user9@example.com,97091540855,bb28f8c4a84586e2eb1c3d
user9@example.com,97091540855,de59f89341e3af296cadfd
user9@example.com,97091540855,da61ed7ab765111a42fed3
user9@example.com,97091540855,b150f254e79816bcde37b0
user9@example.com,97091540855,2444914d57fd37fed305ea
user9@example.com,97091540855,c19162e3de8a97b9e8110a
user9@example.com,97091540855,71df5ec4cd313132bf6d3d
user9@example.com,97091540855,effbbbdf75ed154b53443b
user9@example.com,97091540855,cdb6bb313bcc33c12a63e9
user9@example.com,97091540855,e973d520f46db7977e019b
user9@example.com,97091540855,21730e072b931cff6e4b4a
user9@example.com,97091540855,84a39d6410e2048502e311
user9@example.com,97091540855,adff855173c9b92b547812
user9@example.com,97091540855,4008bdbb403c33c5d8f37a
user9@example.com,97091540855,3900b250e08a1557bbc6c0
user9@example.com,97091540855,f501876566964328fc3b87
user9@example.com,97091540855,16fd20c388393f6f097594
user9@example.com,97091540855,fe3897bd6dea8cb3dd56a3
user9@example.com,97091540855,31c31469de39487e91ea48
user9@example.com,97091540855,45ebbb129017c1701ce01a
user9@example.com,97091540855,09c6e3086169271287f71e
user9@example.com,97091540855,c6e562cdf5cbfff9a13d2b
user9@example.com,97091540855,84bb4ff9bfc07c6611685f
user9@example.com,97091540855,61f4cf76a399d3e9ac65f3
user9@example.com,97091540855,0f70ccc5fa0510e1af6b79
user9@example.com,97091540855,65c33c3fe9d4a23679e9fa
user9@example.com,97091540855,78bc155f319ea221938600
user9@example.com,97091540855,f364f4a174a511ca756568
user9@example.com,97091540855,ab1fb90d06e5a07f1f1c44
user9@example.com,97091540855,611906f372257212d7b129
user9@example.com,97091540855,e41c2d43b624e9237ce154
user9@example.com,97091540855,b2c759e28701a00121e5e1
user9@example.com,97091540855,f6e748983d954aa60e4975
user9@example.com,97091540855,4707e5be880ee1041a9f13
user9@example.com,97091540855,a6ce1a7875b697f3dfb420
user9@example.com,97091540855,6b6ec31694fa0a2cd1e768
user9@example.com,97091540855,375b06b70e34a9943fc749
user9@example.com,97091540855,82b4cfddb071a425e2210e
user9@example.com,97091540855,24b9298a187e48162094bf
user9@example.com,97091540855,acebd26ec2fb9dfa3cb372
user9@example.com,97091540855,6619e1207724ab22333f8b
user9@example.com,97091540855,f273e8985c1ccf881041fc
user9@example.com,97091540855,8e0e72376a458f06aa0631
user9@example.com,97091540855,c058e3f83be67cf520f5ab
user9@example.com,97091540855,cb09b21969357e87a28402
user9@example.com,97091540855,4be627711ee0e2a94ee665
user9@example.com,97091540855,8e35ce399f79db5792f2c2
user9@example.com,97091540855,52a91786417bcf69f60588
user9@example.com,97091540855,1a36ffcbec8f18a9f90b2f
user9@example.com,97091540855,3163477472ec725d0f0d7e
user9@example.com,97091540855,0be1414a8fe60e9614c446
user9@example.com,97091540855,09488a6484f973a64d1a68
user9@example.com,97091540855,cc1e3a4a210d2b2d92fa83
user9@example.com,97091540855,793e6c5196533d7841d01b
user9@example.com,97091540855,369a62db2c071e0dc0bfcb
user9@example.com,97091540855,2594b8e1f68c163d56130c
user9@example.com,97091540855,c11deae89867c2b1c52086
user9@example.com,97091540855,35d4d36ea07aaa2e85986d
user9@example.com,97091540855,f6391d6adcb4ace83b62d3
user9@example.com,97091540855,2d4f62338ce03380acd65e
user9@example.com,97091540855,41084537afc680ed7670aa
user9@example.com,97091540855,4ff7ef928b5f49f8f35775
user9@example.com,97091540855,5ee1ce51ae0aa9e5b3977a
user9@example.com,97091540855,bfe965891acc0a6cad477b
user9@example.com,97091540855,0462eb2270f36ad2d5da74
user9@example.com,97091540855,b75e6a3a46a853458f1c6f
user9@example.com,97091540855,fced5ec02c90c93d746ea1
user9@example.com,97091540855,3271c828bdefa12551e9fe
user9@example.com,97091540855,b1d113e11165894fd12c94
user9@example.com,97091540855,d3498853f83af7fe303f34
user9@example.com,97091540855,1406a07118bec79769ea0d
user9@example.com,97091540855,54c25defe012d5047d84e1
user9@example.com,97091540855,e3ff49f13a4e7be29c8051
user9@example.com,97091540855,c76dd34367cd5a84abfbca
user9@example.com,97091540855,b05c01736186254958f53e
user9@example.com,97091540855,322f1db4b7d0cf09ccde85
user9@example.com,97091540855,37c05ef42bb72b9be556d7
user9@example.com,97091540855,1a64b15f2b6faaf28a618e
user9@example.com,97091540855,206852b9306afa2b3c5dc2
user9@example.com,97091540855,9d7f3524c0c7a0762bb1bc
user9@example.com,97091540855,8358aaf28c0b91ed308fd1
user9@example.com,97091540855,88f80198047620cb1a5bf1
user9@example.com,97091540855,7f96a59ebec9a542be67cb
user9@example.com,97091540855,62ec9476c2f292040a8126
user9@example.com,97091540855,24f36d3151e02fee037ddf
user9@example.com,97091540855,56ee13ff49a1f625d9f761
user9@example.com,97091540855,3196b508ebcf22a48827f6
user9@example.com,97091540855,945ec354a9710c53c2dea1
user9@example.com,97091540855,79030867413adea98893ff
user9@example.com,97091540855,875dd3c7b4d87d24d4d912
user9@example.com,97091540855,2c2d2c0291163b077a372c
user9@example.com,97091540855,7fc5172e8123fba6de4434
user9@example.com,97091540855,16a968cdb906137a952161
user9@example.com,97091540855,316846b2d210944ded686f
user9@example.com,97091540855,5285577208aaf9b65dba1e
user9@example.com,97091540855,73d23605b2ae7687245381
user9@example.com,97091540855,6ed990a07d4ae2d4ea3e53
user9@example.com,97091540855,14f1a8adb389b57286b162
user9@example.com,97091540855,f35f73f741e80498c63a56
user9@example.com,97091540855,401a284fda3e4513d672a4
user9@example.com,97091540855,12ee1d355a581e9f387af6
user9@example.com,97091540855,259a8d8968478898794226
user9@example.com,97091540855,cac884aa198b011ef5e524
user9@example.com,97091540855,38ea5767cfd164fc827ef8
user9@example.com,97091540855,e7a32095be1f9eae17dd3f
user9@example.com,97091540855,267de205844859bb87e9ed
user9@example.com,97091540855,db1147a3b1738859f6cecf
user9@example.com,97091540855,d793f3093897aa5a1e8c29
user9@example.com,97091540855,09dbd3dc1649885229c940
user9@example.com,97091540855,a9623107ea03b8bf2013e4
user9@example.com,97091540855,e670e5cae4434f49011d17
user9@example.com,97091540855,7ae068e144aab71b5c9f9b
user9@example.com,97091540855,c9e770c62114ed60fd1a4c
user9@example.com,97091540855,3eb0c531dd779dd405f122
user9@example.com,97091540855,8ca80b163a5dffc4b0882b
user9@example.com,97091540855,6175b9f6699984f1ede4be
user9@example.com,97091540855,06a219b87639016b2978fa
user9@example.com,97091540855,1fad8a5cfb9eec3890d766
user9@example.com,97091540855,d43893f5dbb4ab6c1bbafe
user9@example.com,97091540855,db10cdd6ed2ef6c83485ac
user9@example.com,97091540855,26ad8b733470b7b917403d
user9@example.com,97091540855,846c399e82b91210281fb4
user9@example.com,97091540855,d2dd511becbb558a89aee8
user9@example.com,97091540855,98cdf0c47bb1a084824d91
user9@example.com,97091540855,2c33f025a6358e34e5f660
user9@example.com,97091540855,bc1906f1d951ebf51b7dd4
user9@example.com,97091540855,1f6d18b90f44b9a7641ec8
user9@example.com,97091540855,c4cdc825178495d1f0c10f
user9@example.com,97091540855,5eafba053066035eca30d3
user9@example.com,97091540855,d2d950cea2da7feb22fc0a
user9@example.com,97091540855,c9f5236f51a843e6688edc
user9@example.com,97091540855,0e14d45c430806127d2a4a
user9@example.com,97091540855,5619d20f42a271281e6c9d
